   ,chang_per           ,change               ,high  ,last             ,low   ,name         ,time              ,volume
0  ,0.037500000000000006,0.3275               ,914.69,908.1975         ,907.85,VN 30 (VNI30),1553221822.6526022,6817.0
1  ,0.015               ,0.155                ,914.69,908.025          ,907.73,VN 30 (VNI30),1553221951.3677719,7390.0
2  ,-0.005              ,-0.030000000000000013,914.69,907.8399999999999,907.46,VN 30 (VNI30),1553221998.181705 ,7606.0
3  ,0.1825              ,1.6675               ,914.69,909.5374999999999,907.17,VN 30 (VNI30),1553222471.393389 ,9421.0
4  ,0.195               ,1.795                ,914.69,909.6650000000001,907.17,VN 30 (VNI30),1553222749.365622 ,10100.0
5  ,0.1825              ,1.6749999999999998   ,914.69,909.5450000000001,907.17,VN 30 (VNI30),1553222794.192883 ,10326.0
6  ,0.1925              ,1.7616666666666665   ,914.69,909.6316666666668,907.17,VN 30 (VNI30),1553222837.4808269,10464.0
7  ,0.21250000000000002 ,1.933125             ,914.69,909.803125       ,907.17,VN 30 (VNI30),1553222882.7513971,10665.0
8  ,0.2285              ,2.0749999999999997   ,914.69,909.945          ,907.17,VN 30 (VNI30),1553222927.4998379,10724.0
9  ,0.25125000000000003 ,2.2775               ,914.69,910.1475         ,907.17,VN 30 (VNI30),1553222970.933921 ,10775.0
10 ,0.26571428571428574 ,2.4092857142857147   ,914.69,910.2792857142857,907.17,VN 30 (VNI30),1553223011.989902 ,10891.0
11 ,0.27718750000000003 ,2.5140624999999996   ,914.69,910.3840625      ,907.17,VN 30 (VNI30),1553223058.221622 ,11003.0
12 ,0.2872222222222222  ,2.604444444444444    ,914.69,910.4744444444445,907.17,VN 30 (VNI30),1553223105.0128472,11189.0
13 ,0.29325             ,2.6605               ,914.69,910.5305000000001,907.17,VN 30 (VNI30),1553223150.772798 ,11391.0
14 ,0.2968181818181818  ,2.694772727272727    ,914.69,910.5647727272728,907.17,VN 30 (VNI30),1553223200.8637938,11434.0
15 ,0.23600000000000004 ,2.13                 ,914.69,910.0            ,907.17,VN 30 (VNI30),1553223488.254046 ,12140.0
16 ,0.2544444444444445  ,2.2977777777777777   ,914.69,910.1677777777778,907.17,VN 30 (VNI30),1553223534.2105742,12184.0
17 ,0.26153846153846155 ,2.3669230769230767   ,914.69,910.2369230769231,907.17,VN 30 (VNI30),1553223579.422455 ,12234.0
18 ,0.268235294117647   ,2.425294117647059    ,914.69,910.2952941176471,907.17,VN 30 (VNI30),1553223624.520789 ,12802.0
19 ,0.27428571428571424 ,2.482857142857143    ,914.69,910.3528571428571,907.17,VN 30 (VNI30),1553223664.837762 ,12923.0
20 ,0.2816              ,2.5536000000000003   ,914.69,910.4236         ,907.17,VN 30 (VNI30),1553223711.353    ,12972.0
21 ,0.29344827586206895 ,2.66                 ,914.69,910.53           ,907.17,VN 30 (VNI30),1553223758.2540412,13078.0
22 ,0.30090909090909096 ,2.7260606060606065   ,914.69,910.5960606060605,907.17,VN 30 (VNI30),1553223803.393079 ,13156.0
23 ,0.30864864864864866 ,2.797027027027027    ,914.69,910.6670270270271,907.17,VN 30 (VNI30),1553223848.00761  ,13233.0
24 ,0.31634146341463415 ,2.8665853658536586   ,914.69,910.7365853658538,907.17,VN 30 (VNI30),1553223893.302219 ,13378.0
25 ,0.3229545454545455  ,2.9268181818181818   ,914.69,910.7968181818183,907.17,VN 30 (VNI30),1553223934.8833091,13455.0
26 ,0.41200000000000003 ,3.7299999999999995   ,914.69,911.6            ,907.17,VN 30 (VNI30),1553224025.909645 ,14259.0
27 ,0.40444444444444444 ,3.671111111111111    ,914.69,911.5411111111111,907.17,VN 30 (VNI30),1553224069.7221708,14298.0
28 ,0.3946153846153846  ,3.58076923076923     ,914.69,911.4507692307694,907.17,VN 30 (VNI30),1553224117.0518882,14389.0
29 ,0.3835294117647059  ,3.4864705882352944   ,914.69,911.3564705882353,907.17,VN 30 (VNI30),1553224163.856199 ,14516.0
30 ,0.3761904761904762  ,3.420952380952381    ,914.69,911.2909523809524,907.17,VN 30 (VNI30),1553224209.120694 ,14562.0
31 ,0.37079999999999996 ,3.3704               ,914.69,911.2404000000001,907.17,VN 30 (VNI30),1553224258.57932  ,14610.0
32 ,0.36517241379310345 ,3.31896551724138     ,914.69,911.1889655172415,907.17,VN 30 (VNI30),1553224305.623115 ,14648.0
33 ,0.36030303030303035 ,3.276060606060606    ,914.69,911.1460606060606,907.17,VN 30 (VNI30),1553224349.2088761,14718.0
34 ,0.35513513513513517 ,3.2286486486486483   ,914.69,911.0986486486485,907.17,VN 30 (VNI30),1553224394.479507 ,14872.0
35 ,0.34731707317073174 ,3.1592682926829267   ,914.69,911.0292682926829,907.17,VN 30 (VNI30),1553224440.3145778,15045.0
36 ,0.3388888888888889  ,3.0820000000000007   ,914.69,910.9520000000001,907.17,VN 30 (VNI30),1553224483.410594 ,15117.0
37 ,0.33163265306122447 ,3.0148979591836738   ,914.69,910.8848979591837,907.17,VN 30 (VNI30),1553224529.260074 ,15173.0
38 ,0.3241509433962264  ,2.944905660377359    ,914.69,910.8149056603773,907.17,VN 30 (VNI30),1553224575.05734  ,15254.0
39 ,0.3168421052631579  ,2.8787719298245618   ,914.69,910.7501754385966,907.17,VN 30 (VNI30),1553224626.272491 ,15328.0
40 ,0.3109836065573771  ,2.8262295081967217   ,914.69,910.6975409836066,907.17,VN 30 (VNI30),1553224670.276628 ,15354.0
41 ,0.3043076923076923  ,2.766153846153846    ,914.69,910.6373846153845,907.17,VN 30 (VNI30),1553224712.2346282,15476.0
42 ,0.2995652173913043  ,2.722608695652174    ,914.69,910.5937681159419,907.17,VN 30 (VNI30),1553224756.779308 ,15560.0
43 ,0.29657534246575346 ,2.696027397260274    ,914.69,910.5671232876714,907.17,VN 30 (VNI30),1553224802.025001 ,15735.0
44 ,0.2924675324675325  ,2.658571428571429    ,914.69,910.5296103896104,907.17,VN 30 (VNI30),1553224853.8351119,16019.0
45 ,0.2860493827160494  ,2.600740740740741    ,914.69,910.4717283950619,907.17,VN 30 (VNI30),1553224900.319297 ,16096.0
46 ,0.28                ,2.545294117647059    ,914.69,910.4162352941177,907.17,VN 30 (VNI30),1553224946.56953  ,16232.0
47 ,0.2737078651685394  ,2.4885393258426967   ,914.69,910.3594382022471,907.17,VN 30 (VNI30),1553224992.311428 ,16424.0
48 ,0.2676344086021506  ,2.4322580645161285   ,914.69,910.3031182795697,907.17,VN 30 (VNI30),1553225036.617017 ,16495.0
49 ,0.26113402061855673 ,2.3732989690721653   ,914.69,910.2441237113401,907.17,VN 30 (VNI30),1553225083.194487 ,16647.0
50 ,0.25534653465346535 ,2.320495049504951    ,914.69,910.1912871287129,907.17,VN 30 (VNI30),1553225126.216664 ,16847.0
51 ,0.249433962264151   ,2.2672641509433964   ,914.69,910.1380188679244,907.17,VN 30 (VNI30),1553225176.9227269,16949.0
52 ,0.24509090909090914 ,2.226909090909091    ,914.69,910.0976363636362,907.17,VN 30 (VNI30),1553225223.257209 ,17061.0
53 ,0.23973684210526316 ,2.1792105263157895   ,914.69,910.0499122807017,907.17,VN 30 (VNI30),1553225274.43178  ,17222.0
54 ,0.23423728813559322 ,2.128813559322034    ,914.69,909.9994915254238,907.17,VN 30 (VNI30),1553225320.5033998,17456.0
55 ,0.22844262295081968 ,2.076311475409836    ,914.69,909.9469672131147,907.17,VN 30 (VNI30),1553225367.399702 ,17673.0
56 ,0.22246031746031747 ,2.022063492063492    ,914.69,909.8926984126983,907.17,VN 30 (VNI30),1553225409.636574 ,17917.0
57 ,0.21661538461538463 ,1.9690769230769232   ,914.69,909.8396923076923,907.17,VN 30 (VNI30),1553225450.08382  ,17957.0
58 ,0.2121641791044776  ,1.9289552238805971   ,914.69,909.799552238806 ,907.17,VN 30 (VNI30),1553225494.2628312,18045.0
59 ,0.20797101449275365 ,1.8911594202898552   ,914.69,909.7617391304348,907.17,VN 30 (VNI30),1553225536.399627 ,18148.0
60 ,0.20338028169014086 ,1.8489436619718311   ,914.69,909.7195070422534,907.17,VN 30 (VNI30),1553225578.32709  ,18188.0
61 ,0.1974829931972789  ,1.795578231292517    ,914.69,909.6661224489795,907.17,VN 30 (VNI30),1553225628.719199 ,18263.0
62 ,0.19211920529801327 ,1.7462913907284767   ,914.69,909.6168211920531,907.17,VN 30 (VNI30),1553225671.405757 ,18449.0
63 ,0.18806451612903227 ,1.709225806451613    ,914.69,909.5797419354838,907.17,VN 30 (VNI30),1553225714.634384 ,18674.0
64 ,0.1846540880503145  ,1.678301886792453    ,914.69,909.5488050314466,907.17,VN 30 (VNI30),1553225760.637984 ,18902.0
65 ,0.18079754601226997 ,1.643312883435583    ,914.69,909.5138036809816,907.17,VN 30 (VNI30),1553225804.262112 ,18960.0
66 ,0.17523809523809528 ,1.5927380952380952   ,914.69,909.4632142857143,907.17,VN 30 (VNI30),1553225856.210037 ,19142.0
67 ,0.17087209302325582 ,1.553372093023256    ,914.69,909.4238372093024,907.17,VN 30 (VNI30),1553225905.965421 ,19348.0
68 ,0.16681818181818187 ,1.5164204545454545   ,914.69,909.386875       ,907.17,VN 30 (VNI30),1553225948.927924 ,19520.0
69 ,0.1620555555555556  ,1.4729999999999999   ,914.69,909.3434444444445,907.17,VN 30 (VNI30),1553225993.205225 ,19607.0
70 ,0.15750000000000003 ,1.4319021739130433   ,914.69,909.3023369565218,907.17,VN 30 (VNI30),1553226036.2522938,20069.0
71 ,0.15297872340425533 ,1.3907446808510637   ,914.69,909.2611702127658,907.17,VN 30 (VNI30),1553226079.75439  ,20280.0
72 ,0.14854166666666668 ,1.3508333333333333   ,914.69,909.2212499999999,907.17,VN 30 (VNI30),1553226122.318835 ,20444.0
73 ,0.14372448979591837 ,1.3070408163265306   ,914.69,909.1774489795919,906.99,VN 30 (VNI30),1553226166.095721 ,20535.0
74 ,0.13865000000000002 ,1.2611               ,914.69,909.1315         ,906.7 ,VN 30 (VNI30),1553226209.4883032,20610.0
75 ,0.1336764705882353  ,1.2155392156862745   ,914.69,909.085931372549 ,906.7 ,VN 30 (VNI30),1553226251.775056 ,20687.0
76 ,0.12884615384615386 ,1.171971153846154    ,914.69,909.0423557692308,906.64,VN 30 (VNI30),1553226297.4081018,20816.0
77 ,0.12438679245283021 ,1.1312735849056605   ,914.69,909.0016509433963,906.64,VN 30 (VNI30),1553226342.518593 ,20851.0
78 ,0.12060185185185188 ,1.0965277777777778   ,914.69,908.9667592592593,906.64,VN 30 (VNI30),1553226386.664    ,20953.0
79 ,0.11704545454545456 ,1.064409090909091    ,914.69,908.9346363636363,906.64,VN 30 (VNI30),1553226432.185267 ,21024.0
80 ,0.11397321428571429 ,1.0364732142857143   ,914.69,908.9066964285713,906.64,VN 30 (VNI30),1553226476.08752  ,21170.0
81 ,0.11087719298245614 ,1.0078947368421054   ,914.69,908.8781140350878,906.64,VN 30 (VNI30),1553226519.472707 ,21352.0
82 ,0.10810344827586206 ,0.982844827586207    ,914.69,908.8530603448274,906.64,VN 30 (VNI30),1553226562.897058 ,21444.0
83 ,0.10580508474576271 ,0.9620762711864407   ,914.69,908.8322881355931,906.64,VN 30 (VNI30),1553226613.452998 ,21635.0
84 ,0.10356846473029047 ,0.9421161825726142   ,914.69,908.8123236514524,906.64,VN 30 (VNI30),1553226663.01865  ,21896.0
85 ,0.10155102040816327 ,0.9240816326530612   ,914.69,908.7942857142857,906.64,VN 30 (VNI30),1553226704.8106601,22121.0
86 ,0.10020080321285142 ,0.912128514056225    ,914.69,908.782329317269 ,906.64,VN 30 (VNI30),1553226747.056871 ,22248.0
87 ,0.09920948616600792 ,0.9033201581027669   ,914.69,908.7735177865613,906.64,VN 30 (VNI30),1553226788.919208 ,22359.0
88 ,0.09894941634241244 ,0.9008949416342412   ,914.69,908.7710894941633,906.64,VN 30 (VNI30),1553226829.646474 ,22498.0
89 ,0.09923371647509578 ,0.9034482758620689   ,914.69,908.7736398467432,906.64,VN 30 (VNI30),1553226873.361498 ,22581.0
90 ,0.09947169811320755 ,0.9060377358490566   ,914.69,908.7762264150942,906.64,VN 30 (VNI30),1553226915.719339 ,22683.0
91 ,0.09988847583643123 ,0.9097769516728624   ,914.69,908.7799628252789,906.64,VN 30 (VNI30),1553226960.62144  ,22807.0
92 ,0.1002919708029197  ,0.9132846715328468   ,914.69,908.7834671532846,906.64,VN 30 (VNI30),1553227010.225386 ,22911.0
93 ,0.10093525179856115 ,0.9190287769784173   ,914.69,908.7892086330935,906.64,VN 30 (VNI30),1553227051.803465 ,23050.0
94 ,0.10138297872340424 ,0.9233333333333333   ,914.69,908.7935106382978,906.64,VN 30 (VNI30),1553227096.096562 ,23196.0
95 ,0.10202797202797202 ,0.9296153846153846   ,914.69,908.7997902097902,906.64,VN 30 (VNI30),1553227139.125155 ,23236.0
96 ,0.10217241379310346 ,0.9310344827586207   ,914.69,908.8012068965517,906.64,VN 30 (VNI30),1553227184.067822 ,23295.0
97 ,0.10234693877551021 ,0.9329251700680271   ,914.69,908.8030952380952,906.64,VN 30 (VNI30),1553227231.580541 ,23403.0
98 ,0.10298657718120806 ,0.9387919463087248   ,914.69,908.8089597315435,906.64,VN 30 (VNI30),1553227277.216972 ,23492.0
99 ,0.10344370860927152 ,0.9428807947019867   ,914.69,908.8130463576158,906.64,VN 30 (VNI30),1553227324.455127 ,23543.0
100,0.10411764705882354 ,0.9488562091503269   ,914.69,908.8190196078431,906.64,VN 30 (VNI30),1553227372.45725  ,23636.0
101,0.10467741935483872 ,0.9539032258064517   ,914.69,908.8240645161289,906.64,VN 30 (VNI30),1553227417.930871 ,23682.0
102,0.10566878980891722 ,0.9627707006369427   ,914.69,908.8329299363056,906.64,VN 30 (VNI30),1553227459.978909 ,23789.0
103,0.10647798742138365 ,0.9701572327044025   ,914.69,908.8403144654087,906.64,VN 30 (VNI30),1553227502.602976 ,23806.0
104,0.10761609907120745 ,0.9804024767801858   ,914.69,908.8505572755417,906.64,VN 30 (VNI30),1553227552.758757 ,23939.0
105,0.10853211009174313 ,0.988868501529052    ,914.69,908.859021406728 ,906.64,VN 30 (VNI30),1553227596.163319 ,23973.0
106,0.1095166163141994  ,0.9977643504531721   ,914.69,908.8679154078551,906.64,VN 30 (VNI30),1553227637.655481 ,23992.0
107,0.11023880597014928 ,1.0043283582089553   ,914.69,908.8744776119402,906.64,VN 30 (VNI30),1553227680.704462 ,24078.0
108,0.11120588235294118 ,1.0126764705882352   ,914.69,908.8828235294119,906.64,VN 30 (VNI30),1553227730.704874 ,24192.0
109,0.11197674418604651 ,1.0196220930232558   ,914.69,908.8897674418605,906.64,VN 30 (VNI30),1553227777.523697 ,24264.0
110,0.11270114942528735 ,1.0260344827586205   ,914.69,908.8961781609195,906.64,VN 30 (VNI30),1553227821.189872 ,24273.0
111,0.11329545454545457 ,1.0317045454545453   ,914.69,908.9018465909091,906.64,VN 30 (VNI30),1553227863.974093 ,24374.0
112,0.1135574229691877  ,1.0340056022408963   ,914.69,908.9041456582634,906.64,VN 30 (VNI30),1553227911.624156 ,24453.0
113,0.11328729281767957 ,1.0314364640883977   ,914.69,908.9015745856353,906.64,VN 30 (VNI30),1553227959.925777 ,24527.0
114,0.11321525885558582 ,1.0305722070844685   ,914.69,908.9007084468666,906.64,VN 30 (VNI30),1553228009.127288 ,24578.0
115,0.11354838709677421 ,1.0333064516129031   ,914.69,908.9034408602151,906.64,VN 30 (VNI30),1553228057.635355 ,24643.0
116,0.11334217506631301 ,1.0314854111405833   ,914.69,908.9016180371353,906.64,VN 30 (VNI30),1553228105.8691862,24711.0
117,0.11335958005249346 ,1.0314173228346455   ,914.69,908.9015485564304,906.64,VN 30 (VNI30),1553228150.0592551,24731.0
118,0.11405194805194806 ,1.0378701298701298   ,914.69,908.9079999999999,906.64,VN 30 (VNI30),1553228195.504061 ,24778.0
119,0.11475578406169666 ,1.0442673521850898   ,914.69,908.9143958868893,906.64,VN 30 (VNI30),1553228237.949855 ,24829.0
120,0.11550761421319798 ,1.0510406091370559   ,914.69,908.9211675126903,906.64,VN 30 (VNI30),1553228287.452327 ,24856.0
121,0.11636591478696744 ,1.0589724310776942   ,914.69,908.9290977443608,906.64,VN 30 (VNI30),1553228334.840183 ,24898.0
122,0.11745049504950496 ,1.0685891089108912   ,914.69,908.9387128712871,906.64,VN 30 (VNI30),1553228383.8156002,24962.0
123,0.11841075794621028 ,1.0773838630806847   ,914.69,908.9475061124693,906.64,VN 30 (VNI30),1553228432.4538088,25020.0
124,0.11905569007263923 ,1.0830992736077483   ,914.69,908.953220338983 ,906.64,VN 30 (VNI30),1553228475.7414699,25080.0
125,0.11964114832535887 ,1.0882296650717702   ,914.69,908.9583492822966,906.64,VN 30 (VNI30),1553228525.818805 ,25148.0
126,0.11978723404255323 ,1.0893617021276596   ,914.69,908.9594799054373,906.64,VN 30 (VNI30),1553228572.675092 ,25316.0
127,0.11974299065420563 ,1.0891355140186916   ,914.69,908.9592523364486,906.64,VN 30 (VNI30),1553228620.442417 ,25472.0
128,0.11956120092378754 ,1.0875057736720555   ,914.69,908.9576212471133,906.64,VN 30 (VNI30),1553228670.487356 ,25565.0
129,0.11965753424657535 ,1.0881278538812786   ,914.69,908.9582420091324,906.64,VN 30 (VNI30),1553228715.471933 ,25771.0
130,0.11979683972911964 ,1.0891647855530473   ,914.69,908.9592776523701,906.64,VN 30 (VNI30),1553228760.200872 ,25915.0
131,0.12024553571428573 ,1.093325892857143    ,914.69,908.9634374999999,906.64,VN 30 (VNI30),1553228805.486751 ,25939.0
132,0.12083885209713026 ,1.0987637969094923   ,914.69,908.9688741721853,906.64,VN 30 (VNI30),1553228850.865799 ,25982.0
133,0.12163755458515284 ,1.1059606986899564   ,914.69,908.9760698689956,906.64,VN 30 (VNI30),1553228895.7936609,26081.0
134,0.12244060475161987 ,1.1133261339092873   ,914.69,908.9834341252699,906.64,VN 30 (VNI30),1553228942.263721 ,26135.0
135,0.12292735042735042 ,1.1179273504273504   ,914.69,908.9880341880342,906.64,VN 30 (VNI30),1553228989.488875 ,26303.0
136,0.12342494714587737 ,1.1225581395348838   ,914.69,908.9926638477801,906.64,VN 30 (VNI30),1553229035.3297122,26344.0
137,0.1239121338912134  ,1.1273430962343098   ,914.69,908.9974476987447,906.64,VN 30 (VNI30),1553229080.9038   ,26344.0
138,0.12438923395445135 ,1.1320289855072465   ,914.69,909.0021325051761,906.64,VN 30 (VNI30),1553229127.2092228,26344.0
139,0.12485655737704918 ,1.1366188524590164   ,914.69,909.0067213114754,906.64,VN 30 (VNI30),1553229174.957848 ,26344.0
140,0.12531440162271806 ,1.1411156186612577   ,914.69,909.0112170385396,906.64,VN 30 (VNI30),1553229221.941566 ,26344.0
141,0.12576305220883532 ,1.1455220883534136   ,914.69,909.0156224899598,906.64,VN 30 (VNI30),1553229268.147124 ,26344.0
142,0.12620278330019882 ,1.149840954274354    ,914.69,909.0199403578529,906.64,VN 30 (VNI30),1553229317.332172 ,26344.0
143,0.12663385826771653 ,1.1540748031496062   ,914.69,909.0241732283464,906.64,VN 30 (VNI30),1553229364.802042 ,26344.0
144,0.12705653021442492 ,1.1582261208577      ,914.69,909.0283235867447,906.64,VN 30 (VNI30),1553229411.581963 ,26344.0
145,0.12747104247104246 ,1.1622972972972971   ,914.69,909.0323938223938,906.64,VN 30 (VNI30),1553229457.614329 ,26344.0
146,0.1278776290630975  ,1.1662906309751435   ,914.69,909.0363862332697,906.64,VN 30 (VNI30),1553229504.525928 ,26344.0
147,0.12819734345351044 ,1.1694307400379507   ,914.69,909.0395256166983,906.64,VN 30 (VNI30),1553229546.637694 ,26344.0
148,0.12859022556390975 ,1.1732894736842105   ,914.69,909.0433834586465,906.64,VN 30 (VNI30),1553229593.916281 ,26344.0
149,0.12897579143389198 ,1.1770763500931096   ,914.69,909.0471694599627,906.64,VN 30 (VNI30),1553229641.51947  ,26344.0
150,0.12927911275415896 ,1.1800554528650646   ,914.69,909.0501478743067,906.64,VN 30 (VNI30),1553229682.4830852,26344.0
151,0.12965201465201465 ,1.1837179487179486   ,914.69,909.0538095238095,906.64,VN 30 (VNI30),1553229730.218857 ,26344.0
152,0.13001814882032667 ,1.1873139745916517   ,914.69,909.0574047186933,906.64,VN 30 (VNI30),1553229777.063648 ,26344.0
153,0.13037769784172662 ,1.1908453237410073   ,914.69,909.0609352517985,906.64,VN 30 (VNI30),1553229823.552246 ,26344.0
154,0.13073083778966132 ,1.194313725490196    ,914.69,909.0644028520499,906.64,VN 30 (VNI30),1553229872.857758 ,26344.0
155,0.13107773851590104 ,1.1977208480565371   ,914.69,909.0678091872791,906.64,VN 30 (VNI30),1553229919.655256 ,26344.0
156,0.13141856392294218 ,1.2010683012259193   ,914.69,909.0711558669001,906.64,VN 30 (VNI30),1553229966.485816 ,26344.0
157,0.13175347222222222 ,1.204357638888889    ,914.69,909.0744444444445,906.64,VN 30 (VNI30),1553230013.098548 ,26344.0
158,0.13208261617900172 ,1.207590361445783    ,914.69,909.0776764199655,906.64,VN 30 (VNI30),1553230059.79039  ,26344.0
159,0.1324061433447099  ,1.2107679180887372   ,914.69,909.0808532423208,906.64,VN 30 (VNI30),1553230105.719011 ,26344.0
160,0.13272419627749577 ,1.2138917089678511   ,914.69,909.0839763113368,906.64,VN 30 (VNI30),1553230153.313084 ,26344.0
161,0.13303691275167787 ,1.2169630872483221   ,914.69,909.0870469798658,906.64,VN 30 (VNI30),1553230199.641161 ,26344.0
162,0.13334442595673876 ,1.2199833610648918   ,914.69,909.0900665557405,906.64,VN 30 (VNI30),1553230244.796939 ,26344.0
163,0.13364686468646864 ,1.2229537953795382   ,914.69,909.0930363036304,906.64,VN 30 (VNI30),1553230293.81467  ,26344.0
164,0.1339443535188216  ,1.225875613747954    ,914.69,909.0959574468085,906.64,VN 30 (VNI30),1553230341.5229619,26344.0
165,0.134237012987013   ,1.2287500000000002   ,914.69,909.0988311688312,906.64,VN 30 (VNI30),1553230391.8340979,26344.0
166,0.13452495974235104 ,1.2315780998389696   ,914.69,909.1016586151369,906.64,VN 30 (VNI30),1553230438.409316 ,26344.0
167,0.13480830670926516 ,1.2343610223642174   ,914.69,909.1044408945685,906.64,VN 30 (VNI30),1553230486.426718 ,26344.0
168,0.13508716323296355 ,1.2370998415213947   ,914.69,909.1071790808239,906.64,VN 30 (VNI30),1553230534.7847848,26344.0
169,0.1353616352201258  ,1.2397955974842767   ,914.69,909.1098742138363,906.64,VN 30 (VNI30),1553230585.1134982,26344.0
170,0.1356318252730109  ,1.2424492979719188   ,914.69,909.1125273010921,906.64,VN 30 (VNI30),1553230630.967267 ,26344.0
171,0.13589783281733744 ,1.245061919504644    ,914.69,909.1151393188853,906.64,VN 30 (VNI30),1553230675.842258 ,26344.0
172,0.13615975422427032 ,1.2476344086021507   ,914.69,909.1177112135176,906.64,VN 30 (VNI30),1553230724.353329 ,26344.0
173,0.13641768292682926 ,1.2501676829268296   ,914.69,909.120243902439 ,906.64,VN 30 (VNI30),1553230775.513388 ,26344.0
174,0.13667170953101362 ,1.252662632375189    ,914.69,909.1227382753402,906.64,VN 30 (VNI30),1553230822.0974212,26344.0
175,0.1368721804511278  ,1.2546315789473685   ,914.69,909.1247067669171,906.64,VN 30 (VNI30),1553230929.047934 ,26344.0
176,0.13707025411061283 ,1.256576980568012    ,914.69,909.1266517189836,906.64,VN 30 (VNI30),1553230974.62248  ,26344.0
177,0.13721726190476188 ,1.2580208333333336   ,914.69,909.1280952380954,906.64,VN 30 (VNI30),1553231033.58895  ,26344.0
178,0.13736296296296296 ,1.259451851851852    ,914.69,909.129525925926 ,906.64,VN 30 (VNI30),1553231080.025735 ,26344.0
179,0.13755522827687777 ,1.261340206185567    ,914.69,909.131413843888 ,906.64,VN 30 (VNI30),1553231126.311523 ,26344.0
180,0.13769794721407624 ,1.2627419354838711   ,914.69,909.132815249267 ,906.64,VN 30 (VNI30),1553231182.834837 ,26344.0
181,0.13783941605839414 ,1.264131386861314    ,914.69,909.1342043795621,906.64,VN 30 (VNI30),1553231230.031401 ,26344.0
182,0.13802612481857765 ,1.2659651669085632   ,914.69,909.1360377358491,906.64,VN 30 (VNI30),1553231275.07654  ,26344.0
183,0.13816473988439304 ,1.2673265895953758   ,914.69,909.1373988439308,906.64,VN 30 (VNI30),1553231333.536823 ,26344.0
184,0.1383021582733813  ,1.268676258992806    ,914.69,909.1387482014387,906.64,VN 30 (VNI30),1553231380.0303009,26344.0
185,0.138483547925608   ,1.2704577968526467   ,914.69,909.1405293276108,906.64,VN 30 (VNI30),1553231426.5027719,26344.0
186,0.1386182336182336  ,1.2717806267806269   ,914.69,909.1418518518519,906.64,VN 30 (VNI30),1553231483.27985  ,26344.0
187,0.1387517730496454  ,1.2730921985815604   ,914.69,909.1431631205675,906.64,VN 30 (VNI30),1553231530.032485 ,26344.0
188,0.1389280677009873  ,1.2748236953455574   ,914.69,909.1448942172073,906.64,VN 30 (VNI30),1553231576.896259 ,26344.0
189,0.13905898876404496 ,1.2761095505617979   ,914.69,909.146179775281 ,906.64,VN 30 (VNI30),1553231631.949512 ,26344.0
190,0.139231843575419   ,1.2778072625698325   ,914.69,909.1478770949723,906.64,VN 30 (VNI30),1553231688.6093261,26344.0
191,0.13940277777777776 ,1.279486111111111    ,914.69,909.1495555555555,906.64,VN 30 (VNI30),1553231732.3251379,26344.0
192,0.13957182320441988 ,1.281146408839779    ,914.69,909.1512154696132,906.64,VN 30 (VNI30),1553231800.456129 ,26344.0
193,0.13969738651994498 ,1.282379642365887    ,914.69,909.1524484181567,906.64,VN 30 (VNI30),1553231858.4121568,26344.0
194,0.13982191780821918 ,1.2836027397260275   ,914.69,909.1536712328766,906.64,VN 30 (VNI30),1553231905.024238 ,26344.0
195,0.13998637602179836 ,1.285217983651226    ,914.69,909.1552861035422,906.64,VN 30 (VNI30),1553231951.572598 ,26344.0
196,0.14010854816824964 ,1.2864179104477613   ,914.69,909.1564857530531,906.64,VN 30 (VNI30),1553232007.908341 ,26344.0
197,0.14022972972972975 ,1.2876081081081083   ,914.69,909.1576756756756,906.64,VN 30 (VNI30),1553232056.027306 ,26344.0
198,0.14038978494623655 ,1.2891801075268818   ,914.69,909.1592473118279,906.64,VN 30 (VNI30),1553232101.3212469,26344.0
199,0.1405087014725569  ,1.290348058902276    ,914.69,909.1604149933066,906.64,VN 30 (VNI30),1553232159.561847 ,26344.0
200,0.14062666666666668 ,1.2915066666666668   ,914.69,909.1615733333332,906.64,VN 30 (VNI30),1553232206.030005 ,26344.0
201,0.14078249336870025 ,1.2930371352785146   ,914.69,909.1631034482758,906.64,VN 30 (VNI30),1553232252.203087 ,26344.0
202,0.14089828269484808 ,1.2941743725231176   ,914.69,909.1642404227214,906.64,VN 30 (VNI30),1553232309.2889512,26344.0
203,0.1410131578947368  ,1.2953026315789475   ,914.69,909.1653684210527,906.64,VN 30 (VNI30),1553232356.029994 ,26344.0
204,0.14116492146596857 ,1.2967931937172774   ,914.69,909.1668586387434,906.64,VN 30 (VNI30),1553232401.7769191,26344.0
205,0.14127770534550196 ,1.2979009126466754   ,914.69,909.167966101695 ,906.64,VN 30 (VNI30),1553232458.5520792,26344.0
206,0.14138961038961037 ,1.299                ,914.69,909.169064935065 ,906.64,VN 30 (VNI30),1553232506.0252411,26344.0
207,0.1415006468305304  ,1.3000905562742562   ,914.69,909.1701552393273,906.64,VN 30 (VNI30),1553232548.007967 ,26344.0
208,0.14161082474226805 ,1.301172680412371    ,914.69,909.1712371134022,906.64,VN 30 (VNI30),1553232597.381001 ,26344.0
209,0.14175641025641025 ,1.302602564102564    ,914.69,909.1726666666667,906.64,VN 30 (VNI30),1553232663.086605 ,26344.0
210,0.14190051020408162 ,1.3040178571428571   ,914.69,909.174081632653 ,906.64,VN 30 (VNI30),1553232708.02163  ,26344.0
211,0.14200762388818297 ,1.3050698856416774   ,914.69,909.1751334180433,906.64,VN 30 (VNI30),1553232758.370493 ,26344.0
212,0.14211392405063292 ,1.3061139240506328   ,914.69,909.1761772151899,906.64,VN 30 (VNI30),1553232807.025821 ,26344.0
213,0.1422544080604534  ,1.307493702770781    ,914.69,909.177556675063 ,906.64,VN 30 (VNI30),1553232853.68441  ,26344.0
214,0.14235884567126728 ,1.3085194479297364   ,914.69,909.178582183187 ,906.64,VN 30 (VNI30),1553232907.542101 ,26344.0
215,0.1424625           ,1.3095375000000002   ,914.69,909.1796         ,906.64,VN 30 (VNI30),1553232957.027093 ,26344.0
216,0.14259950248756217 ,1.3108830845771144   ,914.69,909.1809452736318,906.64,VN 30 (VNI30),1553233002.3026838,26344.0
217,0.1427013630731103  ,1.3118835192069394   ,914.69,909.1819454770757,906.64,VN 30 (VNI30),1553233058.416497 ,26344.0
218,0.14280246913580247 ,1.3128765432098766   ,914.69,909.182938271605 ,906.64,VN 30 (VNI30),1553233108.030014 ,26344.0
219,0.14293611793611793 ,1.3141891891891895   ,914.69,909.1842506142506,906.64,VN 30 (VNI30),1553233152.852694 ,26344.0
220,0.1431013431013431  ,1.315811965811966    ,914.69,909.185873015873 ,906.64,VN 30 (VNI30),1553233198.6614459,26344.0
221,0.14313414634146343 ,1.3161341463414635   ,914.69,909.1861951219512,906.64,VN 30 (VNI30),1553233258.0281742,26344.0
222,0.14326456310679608 ,1.3174150485436893   ,914.69,909.1874757281553,906.64,VN 30 (VNI30),1553233302.909984 ,26344.0
223,0.14336154776299878 ,1.3183675937122128   ,914.69,909.1884280532045,906.64,VN 30 (VNI30),1553233359.217851 ,26344.0
224,0.14345783132530118 ,1.3193132530120484   ,914.69,909.1893734939758,906.64,VN 30 (VNI30),1553233408.027649 ,26344.0
225,0.1435851318944844  ,1.3205635491606713   ,914.69,909.1906235011991,906.64,VN 30 (VNI30),1553233453.444722 ,26344.0
226,0.14367980884109918 ,1.321493428912784    ,914.69,909.1915531660694,906.64,VN 30 (VNI30),1553233509.630498 ,26344.0
227,0.14380499405469677 ,1.3227229488703922   ,914.69,909.1927824019025,906.64,VN 30 (VNI30),1553233558.0340512,26344.0
228,0.1439289940828402  ,1.3239408284023668   ,914.69,909.1940000000001,906.64,VN 30 (VNI30),1553233604.076211 ,26344.0
229,0.14402122641509432 ,1.3248466981132077   ,914.69,909.1949056603773,906.64,VN 30 (VNI30),1553233660.6201081,26344.0
230,0.14411280846063454 ,1.3257461809635722   ,914.69,909.1958049353703,906.64,VN 30 (VNI30),1553233708.0246882,26344.0
231,0.14423391812865496 ,1.3269356725146197   ,914.69,909.1969941520468,906.64,VN 30 (VNI30),1553233755.9320729,26344.0
232,0.1443240093240093  ,1.3278205128205127   ,914.69,909.1978787878788,906.64,VN 30 (VNI30),1553233812.7183008,26344.0
233,0.14441347270615565 ,1.3286991869918698   ,914.69,909.1987572590011,906.64,VN 30 (VNI30),1553233859.030071 ,26344.0
234,0.14453179190751442 ,1.3298612716763005   ,914.69,909.1999190751447,906.64,VN 30 (VNI30),1553233904.525759 ,26344.0
235,0.14461981566820276 ,1.3307258064516132   ,914.69,909.2007834101382,906.64,VN 30 (VNI30),1553233960.682385 ,26344.0
236,0.144707233065442   ,1.3315843857634901   ,914.69,909.201641791045 ,906.64,VN 30 (VNI30),1553234008.028388 ,26344.0
237,0.14482285714285714 ,1.3327200000000001   ,914.69,909.2027771428574,906.64,VN 30 (VNI30),1553234053.6048498,26344.0
238,0.14490888382687925 ,1.3335649202733484   ,914.69,909.2036218678816,906.64,VN 30 (VNI30),1553234110.722708 ,26344.0
239,0.144994324631101   ,1.3344040862656072   ,914.69,909.2044608399548,906.64,VN 30 (VNI30),1553234159.02626  ,26344.0
240,0.14510734463276834 ,1.3355141242937854   ,914.69,909.2055706214691,906.64,VN 30 (VNI30),1553234205.2391832,26344.0
241,0.14519144144144142 ,1.33634009009009     ,914.69,909.2063963963964,906.64,VN 30 (VNI30),1553234261.123879 ,26344.0
242,0.1452749719416386  ,1.3371604938271604   ,914.69,909.2072166105501,906.64,VN 30 (VNI30),1553234309.027801 ,26344.0
243,0.1453854748603352  ,1.3382458100558658   ,914.69,909.2083016759777,906.64,VN 30 (VNI30),1553234355.86187  ,26344.0
244,0.14544035674470454 ,1.3387848383500556   ,914.69,909.2088405797102,906.64,VN 30 (VNI30),1553234398.599444 ,26344.0
245,0.1455493895671476  ,1.3398557158712543   ,914.69,909.209911209767 ,906.64,VN 30 (VNI30),1553234464.4292321,26344.0
246,0.14575690607734804 ,1.3417237569060771   ,914.69,909.211779005525 ,906.64,VN 30 (VNI30),1553234506.435777 ,26650.0
247,0.14587651598676954 ,1.3428224917309812   ,914.69,909.2128776185227,906.64,VN 30 (VNI30),1553234548.607023 ,26655.0
248,0.14618002195389682 ,1.3455543358946211   ,914.69,909.2156092206368,906.64,VN 30 (VNI30),1553234609.031153 ,26673.0
249,0.1465792349726776  ,1.3491147540983608   ,914.69,909.2191693989072,906.64,VN 30 (VNI30),1553234656.284928 ,26736.0
250,0.14684841875681567 ,1.3514285714285712   ,914.69,909.2214830970557,906.64,VN 30 (VNI30),1553234697.971304 ,26758.0
251,0.14727470141150922 ,1.3552660152008684   ,914.69,909.2253203040174,906.64,VN 30 (VNI30),1553234759.026691 ,26868.0
252,0.14767567567567563 ,1.358918918918919    ,914.69,909.228972972973 ,906.64,VN 30 (VNI30),1553234804.80725  ,26980.0
253,0.14798491379310344 ,1.361584051724138    ,914.69,909.2316379310345,906.64,VN 30 (VNI30),1553234861.528388 ,27017.0
254,0.1483673469387755  ,1.3649624060150374   ,914.69,909.2350161117079,906.64,VN 30 (VNI30),1553234909.0291681,27104.0
255,0.14885561497326205 ,1.3693689839572192   ,914.69,909.239422459893 ,906.64,VN 30 (VNI30),1553234955.5503519,27194.0
256,0.14928571428571424 ,1.3730916844349679   ,914.69,909.243144989339 ,906.64,VN 30 (VNI30),1553235012.532258 ,27257.0
257,0.14969181721572794 ,1.3768119022316683   ,914.69,909.2468650371945,906.64,VN 30 (VNI30),1553235060.075388 ,27281.0
258,0.15017989417989414 ,1.381142857142857    ,914.69,909.2511957671959,906.64,VN 30 (VNI30),1553235104.9638982,27376.0
259,0.15050632911392403 ,1.3841139240506328   ,914.69,909.2541666666668,906.64,VN 30 (VNI30),1553235161.4075332,27394.0
260,0.15086225026288114 ,1.3872975814931647   ,914.69,909.2573501577288,906.64,VN 30 (VNI30),1553235210.029956 ,27469.0
261,0.15136125654450258 ,1.3916858638743455   ,914.69,909.2617382198955,906.64,VN 30 (VNI30),1553235254.756247 ,27534.0
262,0.1516910229645094  ,1.3945511482254698   ,914.69,909.2646033402925,906.64,VN 30 (VNI30),1553235311.392608 ,27611.0
263,0.15208116545265346 ,1.398095733610822    ,914.69,909.2681477627473,906.64,VN 30 (VNI30),1553235360.0269592,27681.0
264,0.15265284974093263 ,1.4030984455958546   ,914.69,909.2731502590674,906.64,VN 30 (VNI30),1553235407.696856 ,27819.0
265,0.1530785123966942  ,1.4070247933884297   ,914.69,909.2770764462812,906.64,VN 30 (VNI30),1553235461.7395608,27840.0
266,0.15353244078269823 ,1.4111740473738414   ,914.69,909.2812255406799,906.64,VN 30 (VNI30),1553235510.0227041,28021.0
267,0.15412307692307692 ,1.416379487179487    ,914.69,909.286430769231 ,906.64,VN 30 (VNI30),1553235555.804194 ,28139.0
268,0.15450920245398772 ,1.4199182004089979   ,914.69,909.2899693251535,906.64,VN 30 (VNI30),1553235611.173342 ,28170.0
269,0.15494393476044852 ,1.4238430173292558   ,914.69,909.2938939857289,906.64,VN 30 (VNI30),1553235660.036265 ,28602.0
270,0.15544162436548223 ,1.4282842639593905   ,914.69,909.2983350253808,906.64,VN 30 (VNI30),1553235706.9085948,28777.0
271,0.15581983805668015 ,1.4315789473684206   ,914.69,909.301629554656 ,906.64,VN 30 (VNI30),1553235762.464131 ,28825.0
272,0.15615539858728558 ,1.434611503531786    ,914.69,909.3046619576187,906.64,VN 30 (VNI30),1553235811.0293179,28918.0
273,0.15658291457286433 ,1.438502512562814    ,914.69,909.3085527638192,906.64,VN 30 (VNI30),1553235855.962631 ,29194.0
274,0.1569238476953908  ,1.441573146292585    ,914.69,909.3116232464931,906.64,VN 30 (VNI30),1553235911.9928498,29217.0
275,0.15720279720279723 ,1.4440959040959038   ,914.69,909.314145854146 ,906.64,VN 30 (VNI30),1553235960.0396988,29383.0
276,0.1575721393034826  ,1.4474228855721392   ,914.69,909.317472636816 ,906.64,VN 30 (VNI30),1553236006.090173 ,29499.0
277,0.1577876984126984  ,1.4492757936507936   ,914.69,909.3193253968255,906.64,VN 30 (VNI30),1553236062.206434 ,29544.0
278,0.15801186943620174 ,1.451236399604352    ,914.69,909.3212858555886,906.64,VN 30 (VNI30),1553236110.026824 ,29712.0
279,0.15823645320197044 ,1.4532610837438422   ,914.69,909.3233103448277,906.64,VN 30 (VNI30),1553236155.1831198,29866.0
280,0.15841846758349704 ,1.4549312377210215   ,914.69,909.3249803536346,906.64,VN 30 (VNI30),1553236212.693438 ,29895.0
281,0.15857002938295786 ,1.456297747306562    ,914.69,909.3263467189032,906.64,VN 30 (VNI30),1553236261.0752409,30138.0
282,0.1586731707317073  ,1.4571512195121947   ,914.69,909.3272000000001,906.64,VN 30 (VNI30),1553236305.470442 ,30247.0
283,0.15894941634241244 ,1.4596498054474705   ,914.69,909.3296984435799,906.64,VN 30 (VNI30),1553236364.03772  ,30367.0
284,0.15909796314257998 ,1.460999030067895    ,914.69,909.3310475266733,906.64,VN 30 (VNI30),1553236411.040404 ,30678.0
285,0.15923671497584538 ,1.4623285024154586   ,914.69,909.3323768115945,906.64,VN 30 (VNI30),1553236457.4540648,30839.0
286,0.15930635838150287 ,1.4629190751445085   ,914.69,909.3329672447014,906.64,VN 30 (VNI30),1553236513.729588 ,30902.0
287,0.15937560038424592 ,1.4635734870317003   ,914.69,909.3336215177715,906.64,VN 30 (VNI30),1553236560.031371 ,31029.0
288,0.15955023923444975 ,1.4651291866028708   ,914.69,909.3351770334929,906.64,VN 30 (VNI30),1553236608.3510358,31230.0
289,0.15980916030534353 ,1.4674045801526716   ,914.69,909.3374522900765,906.64,VN 30 (VNI30),1553236664.089615 ,31235.0
290,0.16007611798287347 ,1.4698001902949571   ,914.69,909.3398477640342,906.64,VN 30 (VNI30),1553236710.035103 ,31337.0
291,0.1604739336492891  ,1.4733080568720378   ,914.69,909.3433554502369,906.64,VN 30 (VNI30),1553236756.195412 ,31421.0
292,0.16099999999999998 ,1.4779811320754719   ,914.69,909.3480283018868,906.64,VN 30 (VNI30),1553236803.2767339,31468.0
293,0.16151173708920186 ,1.4825633802816902   ,914.69,909.3526103286385,906.64,VN 30 (VNI30),1553236849.8815491,31672.0
294,0.1618709073900842  ,1.48578110383536     ,914.69,909.35582787652  ,906.64,VN 30 (VNI30),1553236891.661712 ,31811.0
295,0.1623370577281192  ,1.4899906890130354   ,914.69,909.3600372439479,906.64,VN 30 (VNI30),1553236938.571517 ,32046.0
296,0.16294717330861908 ,1.4953660797034292   ,914.69,909.3654124189064,906.64,VN 30 (VNI30),1553236983.170357 ,32186.0
297,0.16366236162361622 ,1.5017158671586717   ,914.69,909.3717619926199,906.64,VN 30 (VNI30),1553237027.929774 ,32308.0
298,0.1644811753902663  ,1.509063360881543    ,914.69,909.3791092745637,906.64,VN 30 (VNI30),1553237076.1121721,32402.0
299,0.16542961608775136 ,1.51764168190128     ,914.69,909.3876051188299,906.64,VN 30 (VNI30),1553237126.422595 ,32540.0
300,0.16633879781420763 ,1.5258196721311474   ,914.69,909.3957832422586,906.64,VN 30 (VNI30),1553237169.146432 ,32654.0
301,0.16727767695099816 ,1.5342286751361163   ,914.69,909.4041923774954,906.64,VN 30 (VNI30),1553237210.951277 ,32793.0
302,0.16856368563685634 ,1.5458897922312556   ,914.69,909.4158536585364,906.64,VN 30 (VNI30),1553237258.802463 ,33036.0
303,0.16981115107913666 ,1.5571942446043165   ,914.69,909.4271582733812,906.64,VN 30 (VNI30),1553237307.56778  ,33152.0
304,0.17110116383169202 ,1.568845120859445    ,914.69,909.4388093106535,906.64,VN 30 (VNI30),1553237356.8188999,33253.0
305,0.17250445632798575 ,1.5813992869875224   ,914.69,909.4513636363636,906.64,VN 30 (VNI30),1553237403.012256 ,33291.0
306,0.17387755102040814 ,1.593824312333629    ,914.69,909.4637888198757,906.64,VN 30 (VNI30),1553237449.267379 ,33395.0
307,0.1752208480565371  ,1.6060600706713783   ,914.69,909.4760247349822,906.64,VN 30 (VNI30),1553237495.200338 ,33524.0
308,0.17658751099384346 ,1.6184432717678099   ,914.69,909.4884080914686,906.64,VN 30 (VNI30),1553237540.6970172,33612.0
309,0.17794220665499125 ,1.6306742556917686   ,914.69,909.5006392294221,906.64,VN 30 (VNI30),1553237586.0418189,33670.0
310,0.17925021795989537 ,1.6424324324324324   ,914.69,909.5123975588491,906.64,VN 30 (VNI30),1553237631.088613 ,33766.0
311,0.18059027777777775 ,1.654496527777778    ,914.69,909.5244618055555,906.64,VN 30 (VNI30),1553237676.840671 ,33911.0
312,0.18191011235955054 ,1.6665168539325843   ,914.69,909.5364822817631,906.64,VN 30 (VNI30),1553237724.921851 ,34026.0
313,0.18329604130808946 ,1.679156626506024    ,914.69,909.5491222030981,906.64,VN 30 (VNI30),1553237772.566161 ,34162.0
314,0.18471293916023993 ,1.691979434447301    ,914.69,909.5619451585262,906.64,VN 30 (VNI30),1553237820.829427 ,34230.0
315,0.18613481228668943 ,1.7048549488054607   ,914.69,909.5748208191126,906.64,VN 30 (VNI30),1553237868.584665 ,34313.0
316,0.1876890399320306  ,1.7189209855564997   ,914.69,909.5888870008495,906.64,VN 30 (VNI30),1553237914.8258638,34386.0
317,0.18921319796954314 ,1.7326734348561759   ,914.69,909.6026395939085,906.64,VN 30 (VNI30),1553237964.039128 ,34490.0
318,0.19069081718618366 ,1.7460909856781803   ,914.69,909.6160572872789,906.64,VN 30 (VNI30),1553238010.991284 ,34706.0
319,0.19218120805369127 ,1.7596057046979865   ,914.69,909.629572147651 ,906.64,VN 30 (VNI30),1553238061.761926 ,34877.0
320,0.19363408521303255 ,1.7726649958228906   ,914.69,909.6426315789473,906.64,VN 30 (VNI30),1553238109.3042262,34953.0
321,0.19509983361064892 ,1.785848585690516    ,914.69,909.6558153078204,906.64,VN 30 (VNI30),1553238155.301443 ,35005.0
322,0.1965037282518641  ,1.7986246893123448   ,914.69,909.6685915492959,906.64,VN 30 (VNI30),1553238207.914669 ,35139.0
323,0.19802805280528052 ,1.81230198019802     ,914.69,909.6822689768978,906.64,VN 30 (VNI30),1553238256.229596 ,35272.0
324,0.19956450287592442 ,1.8261216105176663   ,914.69,909.6960887428103,906.64,VN 30 (VNI30),1553238304.155496 ,35331.0
325,0.2010392798690671  ,1.839459901800327    ,914.69,909.7094271685761,906.64,VN 30 (VNI30),1553238351.379502 ,35402.0
326,0.2023083197389886  ,1.8509624796084827   ,914.69,909.7209298531811,906.64,VN 30 (VNI30),1553238392.877595 ,35458.0
327,0.20392363931762797 ,1.86557270511779     ,914.69,909.7355402112106,906.64,VN 30 (VNI30),1553238440.538177 ,35678.0
328,0.20550970873786406 ,1.8799110032362458   ,914.69,909.7498786407767,906.64,VN 30 (VNI30),1553238489.417511 ,36006.0
329,0.20710717163577758 ,1.894375503626108    ,914.69,909.764343271555 ,906.64,VN 30 (VNI30),1553238542.065522 ,36110.0
330,0.20862760834670946 ,1.9081781701444624   ,914.69,909.7781460674156,906.64,VN 30 (VNI30),1553238590.439459 ,36354.0
331,0.20992             ,1.9198400000000002   ,914.69,909.789808       ,906.64,VN 30 (VNI30),1553238633.210571 ,36495.0
332,0.21126794258373205 ,1.932049441786284    ,914.69,909.8020175438596,906.64,VN 30 (VNI30),1553238678.4790049,36623.0
333,0.21303415409054804 ,1.9479984114376492   ,914.69,909.8179666401907,906.64,VN 30 (VNI30),1553238727.567231 ,36828.0
334,0.2146598101265823  ,1.9626977848101268   ,914.69,909.8326661392404,906.64,VN 30 (VNI30),1553238776.9655402,36964.0
335,0.21617809298660365 ,1.9763987391646967   ,914.69,909.8463672182821,906.64,VN 30 (VNI30),1553238827.375635 ,37157.0
336,0.217723704866562   ,1.9904552590266877   ,914.69,909.8604238618526,906.64,VN 30 (VNI30),1553238877.1165519,37319.0
337,0.21920250195465207 ,2.0037216575449572   ,914.69,909.8736903831119,906.64,VN 30 (VNI30),1553238924.206075 ,37430.0
338,0.22053738317757007 ,2.015841121495327    ,914.69,909.8858099688473,906.64,VN 30 (VNI30),1553238972.2683141,37765.0
339,0.22187742435996896 ,2.0279751745539176   ,914.69,909.8979441427463,906.64,VN 30 (VNI30),1553239018.9261482,37877.0
340,0.22324574961360125 ,2.0403477588871715   ,914.69,909.910316846986 ,906.64,VN 30 (VNI30),1553239064.9858902,38007.0
341,0.22438799076212473 ,2.0507005388760584   ,914.69,909.9206697459584,906.64,VN 30 (VNI30),1553239112.7575521,38122.0
342,0.22552147239263803 ,2.0609279141104295   ,914.69,909.9308972392639,906.64,VN 30 (VNI30),1553239161.5897899,38280.0
343,0.22650878533231475 ,2.0698013750954924   ,914.69,909.9397708174179,906.64,VN 30 (VNI30),1553239209.687417 ,38384.0
344,0.22745814307458143 ,2.078432267884323    ,914.69,909.9484018264842,906.64,VN 30 (VNI30),1553239255.9876359,38614.0
345,0.22830174374526155 ,2.0860500379075058   ,914.69,909.9560197119031,906.64,VN 30 (VNI30),1553239301.459575 ,38847.0
346,0.22918429003021148 ,2.0940709969788522   ,914.69,909.9640407854986,906.64,VN 30 (VNI30),1553239346.744878 ,39046.0
347,0.22999247554552293 ,2.1014070729872083   ,914.69,909.9713769751693,906.64,VN 30 (VNI30),1553239395.492194 ,39259.0
348,0.23072713643178408 ,2.1080134932533734   ,914.69,909.977983508246 ,906.64,VN 30 (VNI30),1553239444.537672 ,39465.0
349,0.23152352501867066 ,2.1152352501867067   ,914.69,909.985205377147 ,906.64,VN 30 (VNI30),1553239492.837783 ,39578.0
350,0.23238839285714286 ,2.1230357142857144   ,914.69,909.993005952381 ,906.64,VN 30 (VNI30),1553239539.848657 ,39712.0
351,0.23334321719792442 ,2.131764269829503    ,914.69,910.0017346182358,906.64,VN 30 (VNI30),1553239588.037767 ,39937.0
352,0.23426144756277695 ,2.1400960118168393   ,914.69,910.0100664697194,906.64,VN 30 (VNI30),1553239633.859537 ,40010.0
353,0.23525386313465782 ,2.1490434142752024   ,914.69,910.0190139808683,906.64,VN 30 (VNI30),1553239680.84237  ,40215.0
354,0.23624633431085046 ,2.1579912023460412   ,914.69,910.0279618768329,906.64,VN 30 (VNI30),1553239726.852244 ,40470.0
355,0.23720964207450695 ,2.166683710737765    ,914.69,910.0366544923303,906.64,VN 30 (VNI30),1553239773.004904 ,40788.0
356,0.2380713245997089  ,2.1744541484716158   ,914.69,910.0444250363902,906.64,VN 30 (VNI30),1553239819.051324 ,40935.0
357,0.23894851341551848 ,2.1822335025380712   ,914.69,910.0522044960115,906.64,VN 30 (VNI30),1553239865.229687 ,40952.0
358,0.23981936416184974 ,2.189956647398844    ,914.69,910.0599277456647,906.64,VN 30 (VNI30),1553239913.969224 ,40952.0
359,0.24068394528437725 ,2.197624190064795    ,914.69,910.0675953923687,906.64,VN 30 (VNI30),1553239959.857389 ,40952.0
360,0.2415423242467719  ,2.205236728837877    ,914.69,910.0752080344336,906.64,VN 30 (VNI30),1553240005.781322 ,40952.0
361,0.24239456754824876 ,2.2127948534667623   ,914.69,910.0827662616155,906.64,VN 30 (VNI30),1553240052.402163 ,40952.0
362,0.24324074074074073 ,2.2202991452991454   ,914.69,910.0902706552708,906.64,VN 30 (VNI30),1553240099.879116 ,40952.0
363,0.24408090844570615 ,2.2277501774308024   ,914.69,910.0977217885024,906.64,VN 30 (VNI30),1553240149.444753 ,40952.0
364,0.24491513437057988 ,2.235148514851485    ,914.69,910.1051202263085,906.64,VN 30 (VNI30),1553240197.830822 ,40952.0
365,0.2457434813248767  ,2.242494714587738    ,914.69,910.1124665257224,906.64,VN 30 (VNI30),1553240245.896972 ,40952.0
366,0.24656601123595506 ,2.2497893258426966   ,914.69,910.1197612359551,906.64,VN 30 (VNI30),1553240292.817926 ,40952.0
367,0.24738278516445067 ,2.2570328901329604   ,914.69,910.1270048985306,906.64,VN 30 (VNI30),1553240339.7250218,40952.0
368,0.2481938633193863  ,2.2642259414225943   ,914.69,910.1341980474199,906.64,VN 30 (VNI30),1553240384.8644822,40952.0
369,0.2489993050729673  ,2.2713690062543432   ,914.69,910.1413412091731,906.64,VN 30 (VNI30),1553240431.527117 ,40952.0
370,0.24979916897506924 ,2.278462603878116    ,914.69,910.148434903047 ,906.64,VN 30 (VNI30),1553240477.415222 ,40952.0
371,0.2505935127674258  ,2.2855072463768114   ,914.69,910.1554796411318,906.64,VN 30 (VNI30),1553240523.502184 ,40952.0
372,0.25138239339752405 ,2.292503438789546    ,914.69,910.1624759284732,906.64,VN 30 (VNI30),1553240569.896141 ,40952.0
373,0.25216586703221383 ,2.2994516792323507   ,914.69,910.1694242631941,906.64,VN 30 (VNI30),1553240616.501651 ,40952.0
374,0.25294398907103827 ,2.3063524590163933   ,914.69,910.1763251366121,906.64,VN 30 (VNI30),1553240662.1883142,40952.0
375,0.25371681415929204 ,2.313206262763785    ,914.69,910.183179033356 ,906.64,VN 30 (VNI30),1553240709.260313 ,40952.0
376,0.25448439620081414 ,2.320013568521031    ,914.69,910.189986431479 ,906.64,VN 30 (VNI30),1553240755.9887612,40952.0
377,0.2551656524678837  ,2.3260987153482082   ,914.69,910.1960716700474,906.64,VN 30 (VNI30),1553240802.238512 ,42067.0
378,0.2559231805929919  ,2.3330862533692724   ,914.69,910.2030592991916,906.64,VN 30 (VNI30),1553240848.003273 ,46664.0
379,0.25667562122229687 ,2.340026863666891    ,914.69,910.2099999999999,906.64,VN 30 (VNI30),1553240893.9482539,46664.0
380,0.2574230254350736  ,2.346921017402945    ,914.69,910.2168942436413,906.64,VN 30 (VNI30),1553240940.603551 ,46664.0
381,0.25816544362908606 ,2.3537691794529687   ,914.69,910.2237424949967,906.64,VN 30 (VNI30),1553240986.176818 ,46664.0
382,0.2589029255319149  ,2.3605718085106386   ,914.69,910.230545212766 ,906.64,VN 30 (VNI30),1553241033.4250932,46664.0
383,0.259635520212061   ,2.3673293571901923   ,914.69,910.2373028495693,906.64,VN 30 (VNI30),1553241079.087952 ,46664.0
384,0.2603632760898283  ,2.3740422721268164   ,914.69,910.2440158520475,906.64,VN 30 (VNI30),1553241125.55206  ,46664.0
385,0.2610862409479921  ,2.3807109940750495   ,914.69,910.2506846609612,906.64,VN 30 (VNI30),1553241171.583763 ,46664.0
386,0.2618044619422572  ,2.3873359580052496   ,914.69,910.2573097112862,906.64,VN 30 (VNI30),1553241217.856538 ,46664.0
387,0.2625179856115108  ,2.393917593198169    ,914.69,910.2638914323088,906.64,VN 30 (VNI30),1553241264.574392 ,46664.0
388,0.2632268578878748  ,2.4004563233376794   ,914.69,910.2704302477184,906.64,VN 30 (VNI30),1553241311.930492 ,46664.0
389,0.2637906371911573  ,2.4056566970091025   ,914.69,910.2756306892069,906.64,VN 30 (VNI30),1553241357.6029172,46664.0
390,0.2643514915693904  ,2.41083009079118     ,914.69,910.280804150454 ,906.64,VN 30 (VNI30),1553241401.399321 ,46664.0
391,0.26504848093083383 ,2.4172592113768583   ,914.69,910.2872333548805,906.64,VN 30 (VNI30),1553241447.053983 ,46664.0
392,0.26574097938144337 ,2.423646907216495    ,914.69,910.2936211340208,906.64,VN 30 (VNI30),1553241492.4005141,46664.0
393,0.26642903018625563 ,2.4299935773924215   ,914.69,910.2999678869622,906.64,VN 30 (VNI30),1553241538.621887 ,46664.0
394,0.26711267605633804 ,2.436299615877081    ,914.69,910.3062740076826,906.64,VN 30 (VNI30),1553241583.732453 ,46664.0
395,0.26779195915762605 ,2.4425654116145497   ,914.69,910.312539885131 ,906.64,VN 30 (VNI30),1553241630.42844  ,46664.0
396,0.2684669211195929  ,2.4487913486005084   ,914.69,910.318765903308 ,906.64,VN 30 (VNI30),1553241676.061558 ,46664.0
397,0.26913760304375395 ,2.454977805960685    ,914.69,910.3249524413444,906.64,VN 30 (VNI30),1553241725.6334138,46664.0
398,0.26980404551201015 ,2.461125158027813    ,914.69,910.3310998735777,906.64,VN 30 (VNI30),1553241771.645949 ,46664.0
399,0.270466288594833   ,2.467233774417139    ,914.69,910.3372085696285,906.64,VN 30 (VNI30),1553241818.3725572,46664.0
400,0.2711243718592965  ,2.4733040201005023   ,914.69,910.3432788944724,906.64,VN 30 (VNI30),1553241864.579957 ,46664.0
401,0.27177833437695675 ,2.479336255479023    ,914.69,910.349311208516 ,906.64,VN 30 (VNI30),1553241910.909898 ,46664.0
402,0.2724282147315855  ,2.4853308364544318   ,914.69,910.3553058676655,906.64,VN 30 (VNI30),1553241957.776671 ,46664.0
403,0.2730740510267579  ,2.4912881144990666   ,914.69,910.3612632233978,906.64,VN 30 (VNI30),1553242003.912212 ,46664.0
404,0.27371588089330023 ,2.497208436724566    ,914.69,910.3671836228289,906.64,VN 30 (VNI30),1553242049.4412029,46664.0
405,0.27435374149659864 ,2.5030921459492883   ,914.69,910.3730674087817,906.64,VN 30 (VNI30),1553242094.8290792,46664.0
406,0.27498766954377313 ,2.508939580764488    ,914.69,910.378914919852 ,906.64,VN 30 (VNI30),1553242140.030538 ,46664.0
407,0.2756177012907191  ,2.5147510755992624   ,914.69,910.3847264904733,906.64,VN 30 (VNI30),1553242184.9724631,46664.0
408,0.27624387254901966 ,2.5205269607843137   ,914.69,910.3905024509805,906.64,VN 30 (VNI30),1553242231.631378 ,46664.0
409,0.27686621869273065 ,2.5262675626145388   ,914.69,910.3962431276726,906.64,VN 30 (VNI30),1553242276.957185 ,46664.0
410,0.2774847746650427  ,2.531973203410475    ,914.69,910.4019488428747,906.64,VN 30 (VNI30),1553242322.875884 ,46664.0
411,0.2780995749848209  ,2.537644201578628    ,914.69,910.4076199149972,906.64,VN 30 (VNI30),1553242368.107015 ,46664.0
412,0.27871065375302667 ,2.543280871670702    ,914.69,910.4132566585957,906.64,VN 30 (VNI30),1553242414.013721 ,46664.0
413,0.2793180446590224  ,2.548883524441762    ,914.69,910.4188593844298,906.64,VN 30 (VNI30),1553242459.277219 ,46664.0
414,0.27992178098676296 ,2.5544524669073407   ,914.69,910.4244283995188,906.64,VN 30 (VNI30),1553242504.3613539,46664.0
415,0.2805218956208758  ,2.5599880023995203   ,914.69,910.4299640071987,906.64,VN 30 (VNI30),1553242552.086645 ,46664.0
416,0.2811184210526316  ,2.5654904306220097   ,914.69,910.4354665071771,906.64,VN 30 (VNI30),1553242602.5350962,46664.0
417,0.281711389385808   ,2.570960047704234    ,914.69,910.4409361955875,906.64,VN 30 (VNI30),1553242654.116329 ,46664.0
418,0.2823008323424495  ,2.576397146254459    ,914.69,910.4463733650418,906.64,VN 30 (VNI30),1553242706.392989 ,46664.0
419,0.282886781268524   ,2.581802015411974    ,914.69,910.4517783046831,906.64,VN 30 (VNI30),1553242756.4731588,46664.0
420,0.28346926713947995 ,2.587174940898345    ,914.69,910.4571513002364,906.64,VN 30 (VNI30),1553242802.019    ,46664.0
421,0.2840483205657042  ,2.5925162050677666   ,914.69,910.4624926340601,906.64,VN 30 (VNI30),1553242849.3396292,46664.0
422,0.2846239717978849  ,2.597826086956522    ,914.69,910.467802585194 ,906.64,VN 30 (VNI30),1553242895.6882188,46664.0
423,0.2851962507322789  ,2.603104862331576    ,914.69,910.4730814294085,906.64,VN 30 (VNI30),1553242941.2361631,46664.0
424,0.28576518691588787 ,2.6083528037383177   ,914.69,910.4783294392524,906.64,VN 30 (VNI30),1553242987.223344 ,46664.0
425,0.2863308095515434  ,2.6135701805474665   ,914.69,910.4835468841003,906.64,VN 30 (VNI30),1553243033.762869 ,46664.0
426,0.28689314750290357 ,2.618757259001161    ,914.69,910.4887340301975,906.64,VN 30 (VNI30),1553243079.082829 ,46664.0
427,0.2874522292993631  ,2.623914302258251    ,914.69,910.4938911407065,906.64,VN 30 (VNI30),1553243125.640584 ,46664.0
428,0.2880080831408776  ,2.6290415704387993   ,914.69,910.4990184757507,906.64,VN 30 (VNI30),1553243172.016552 ,46664.0
429,0.28856073690270584 ,2.634139320667818    ,914.69,910.5041162924584,906.64,VN 30 (VNI30),1553243217.347309 ,46664.0
430,0.28911021814006893 ,2.6392078071182548   ,914.69,910.5091848450058,906.64,VN 30 (VNI30),1553243267.194273 ,46664.0
431,0.2896565540927304  ,2.644247281053234    ,914.69,910.5142243846597,906.64,VN 30 (VNI30),1553243314.249815 ,46664.0
432,0.29019977168949773 ,2.64925799086758     ,914.69,910.5192351598174,906.64,VN 30 (VNI30),1553243361.466843 ,46664.0
433,0.29073989755264656 ,2.6542401821286283   ,914.69,910.5242174160502,906.64,VN 30 (VNI30),1553243408.290496 ,46664.0
434,0.29127695800227016 ,2.659194097616345    ,914.69,910.529171396141 ,906.64,VN 30 (VNI30),1553243455.588516 ,46664.0
435,0.2918109790605547  ,2.6641199773627617   ,914.69,910.5340973401246,906.64,VN 30 (VNI30),1553243505.6579251,46664.0
436,0.2922360248447205  ,2.6680406549971765   ,914.69,910.5380180688878,906.64,VN 30 (VNI30),1553243549.394591 ,46664.0
437,0.29276463963963967 ,2.672916666666666    ,914.69,910.5428941441443,906.64,VN 30 (VNI30),1553243598.754109 ,46664.0
438,0.2932902863559798  ,2.6777653003930375   ,914.69,910.5477428411007,906.64,VN 30 (VNI30),1553243644.400415 ,46664.0
439,0.29381298992161253 ,2.6825867861142214   ,914.69,910.5525643896977,906.64,VN 30 (VNI30),1553243691.466423 ,46664.0
440,0.2943327749860413  ,2.6873813512004463   ,914.69,910.5573590173088,906.64,VN 30 (VNI30),1553243738.540834 ,46664.0
441,0.2948496659242762  ,2.692149220489978    ,914.69,910.5621269487752,906.64,VN 30 (VNI30),1553243783.91386  ,46664.0
442,0.2953636868406441  ,2.6968906163242643   ,914.69,910.5668684064409,906.64,VN 30 (VNI30),1553243830.604841 ,46664.0
443,0.295874861572536   ,2.7016057585825024   ,914.69,910.5715836101884,906.64,VN 30 (VNI30),1553243880.952938 ,46664.0
444,0.29638321369409165 ,2.7062948647156264   ,914.69,910.5762727774712,906.64,VN 30 (VNI30),1553243928.3701482,46664.0
445,0.2968887665198238  ,2.7109581497797355   ,914.69,910.5809361233481,906.64,VN 30 (VNI30),1553243980.878015 ,46664.0
446,0.2973915431081823  ,2.715595826468973    ,914.69,910.5855738605162,906.64,VN 30 (VNI30),1553244031.420792 ,46664.0
447,0.29789156626506025 ,2.7202081051478646   ,914.69,910.590186199343 ,906.64,VN 30 (VNI30),1553244077.881418 ,46664.0
448,0.29838885854724195 ,2.724795193883124    ,914.69,910.5947733478974,906.64,VN 30 (VNI30),1553244125.61595  ,46664.0
449,0.2988834422657952  ,2.729357298474945    ,914.69,910.5993355119826,906.64,VN 30 (VNI30),1553244173.703562 ,46664.0
450,0.299375339489408   ,2.733894622487778    ,914.69,910.6038728951659,906.64,VN 30 (VNI30),1553244219.8639529,46664.0
451,0.2998645720476707  ,2.7384073672806064   ,914.69,910.6083856988084,906.64,VN 30 (VNI30),1553244268.7157319,46664.0
452,0.3003511615343058  ,2.7428957320367364   ,914.69,910.6128741220964,906.64,VN 30 (VNI30),1553244319.4711459,46664.0
453,0.3007385444743936  ,2.746469002695417    ,914.69,910.6164474393532,906.64,VN 30 (VNI30),1553244361.632242 ,46664.0
454,0.30112426035502965 ,2.7500268961807426   ,914.69,910.6200053792362,906.64,VN 30 (VNI30),1553244412.948842 ,46664.0
455,0.30150831991411703 ,2.7535695115405256   ,914.69,910.6235480407945,906.64,VN 30 (VNI30),1553244457.735789 ,46664.0
456,0.30198608137044974 ,2.7579764453961455   ,914.69,910.6279550321201,906.64,VN 30 (VNI30),1553244510.1761699,46664.0
