    ,date      ,price
0   ,2019-03-18,932.75
1   ,2019-03-15,927.06
2   ,2019-03-14,934.42
3   ,2019-03-13,935.41
4   ,2019-03-12,929.86
5   ,2019-03-11,916.24
6   ,2019-03-08,914.74
7   ,2019-03-07,922.29
8   ,2019-03-06,923.58
9   ,2019-03-05,923.66
10  ,2019-03-04,928.42
11  ,2019-03-01,915.32
12  ,2019-02-28,904.98
13  ,2019-02-27,930.54
14  ,2019-02-26,929.51
15  ,2019-02-25,939.47
16  ,2019-02-22,929.5
17  ,2019-02-21,926.09
18  ,2019-02-20,911.8
19  ,2019-02-19,907.82
20  ,2019-02-18,904.93
21  ,2019-02-15,897.74
22  ,2019-02-14,900.12
23  ,2019-02-13,897.42
24  ,2019-02-12,888.33
25  ,2019-02-11,878.67
26  ,2019-02-01,859.81
27  ,2019-01-31,866.06
28  ,2019-01-30,869.16
29  ,2019-01-29,872.03
30  ,2019-01-28,868.76
31  ,2019-01-25,867.7
32  ,2019-01-24,865.52
33  ,2019-01-23,861.73
34  ,2019-01-22,859.17
35  ,2019-01-21,864.1
36  ,2019-01-18,854.79
37  ,2019-01-17,853.34
38  ,2019-01-16,864.29
39  ,2019-01-15,865.1
40  ,2019-01-14,859.42
41  ,2019-01-11,860.3
42  ,2019-01-10,857.95
43  ,2019-01-09,855.51
44  ,2019-01-08,845.43
45  ,2019-01-07,851.41
46  ,2019-01-04,840.17
47  ,2019-01-03,838.79
48  ,2019-01-02,855.66
49  ,2018-12-28,854.99
50  ,2018-12-27,865.45
51  ,2018-12-26,861.02
52  ,2018-12-25,865.69
53  ,2018-12-24,873.64
54  ,2018-12-21,873.09
55  ,2018-12-20,877.03
56  ,2018-12-19,882.79
57  ,2018-12-18,890.68
58  ,2018-12-17,901.41
59  ,2018-12-14,918.79
60  ,2018-12-13,928.9
61  ,2018-12-12,927.7
62  ,2018-12-11,922.34
63  ,2018-12-10,922.82
64  ,2018-12-07,929.59
65  ,2018-12-06,922.86
66  ,2018-12-05,925.68
67  ,2018-12-04,927.46
68  ,2018-12-03,921.72
69  ,2018-11-30,894.79
70  ,2018-11-29,897.58
71  ,2018-11-28,901.4
72  ,2018-11-27,895.3
73  ,2018-11-26,895.05
74  ,2018-11-23,890.62
75  ,2018-11-22,898.9
76  ,2018-11-21,897.1
77  ,2018-11-20,893.09
78  ,2018-11-19,888.76
79  ,2018-11-16,869.24
80  ,2018-11-15,864.98
81  ,2018-11-14,871.55
82  ,2018-11-13,873.87
83  ,2018-11-12,888.2
84  ,2018-11-09,885.65
85  ,2018-11-08,900.4
86  ,2018-11-07,899.25
87  ,2018-11-06,899.61
88  ,2018-11-05,904.83
89  ,2018-11-02,903.43
90  ,2018-11-01,887.72
91  ,2018-10-31,901.57
92  ,2018-10-30,874.06
93  ,2018-10-29,874.43
94  ,2018-10-26,881.06
95  ,2018-10-25,888.86
96  ,2018-10-24,896.5
97  ,2018-10-23,908.0
98  ,2018-10-22,922.75
99  ,2018-10-19,931.69
100 ,2018-10-18,937.54
101 ,2018-10-17,945.91
102 ,2018-10-16,939.41
103 ,2018-10-15,928.55
104 ,2018-10-12,943.49
105 ,2018-10-11,920.02
106 ,2018-10-10,966.27
107 ,2018-10-09,967.37
108 ,2018-10-08,970.28
109 ,2018-10-05,980.75
110 ,2018-10-04,993.61
111 ,2018-10-03,990.6
112 ,2018-10-02,987.88
113 ,2018-10-01,990.41
114 ,2018-09-28,994.73
115 ,2018-09-27,989.45
116 ,2018-09-26,984.39
117 ,2018-09-25,985.11
118 ,2018-09-24,985.59
119 ,2018-09-21,974.43
120 ,2018-09-20,971.18
121 ,2018-09-19,962.7
122 ,2018-09-18,959.75
123 ,2018-09-17,953.79
124 ,2018-09-14,960.33
125 ,2018-09-13,957.17
126 ,2018-09-12,958.67
127 ,2018-09-11,958.91
128 ,2018-09-10,943.31
129 ,2018-09-07,945.59
130 ,2018-09-06,932.12
131 ,2018-09-05,941.0
132 ,2018-09-04,951.14
133 ,2018-08-31,969.23
134 ,2018-08-30,975.43
135 ,2018-08-29,964.99
136 ,2018-08-28,971.01
137 ,2018-08-27,966.55
138 ,2018-08-24,960.42
139 ,2018-08-23,960.94
140 ,2018-08-22,959.63
141 ,2018-08-21,955.27
142 ,2018-08-20,945.65
143 ,2018-08-17,949.23
144 ,2018-08-16,950.18
145 ,2018-08-15,947.82
146 ,2018-08-14,965.6
147 ,2018-08-13,960.02
148 ,2018-08-10,948.32
149 ,2018-08-09,943.91
150 ,2018-08-08,945.89
151 ,2018-08-07,936.92
152 ,2018-08-06,939.84
153 ,2018-08-03,941.12
154 ,2018-08-02,937.86
155 ,2018-08-01,939.31
156 ,2018-07-31,944.38
157 ,2018-07-30,939.6
158 ,2018-07-27,927.19
159 ,2018-07-26,921.33
160 ,2018-07-25,915.68
161 ,2018-07-24,923.53
162 ,2018-07-23,931.31
163 ,2018-07-20,926.5
164 ,2018-07-19,941.09
165 ,2018-07-18,935.42
166 ,2018-07-17,915.53
167 ,2018-07-16,904.18
168 ,2018-07-13,899.45
169 ,2018-07-12,883.87
170 ,2018-07-11,881.14
171 ,2018-07-10,897.96
172 ,2018-07-09,898.73
173 ,2018-07-06,905.62
174 ,2018-07-05,883.77
175 ,2018-07-04,900.89
176 ,2018-07-03,891.97
177 ,2018-07-02,930.12
178 ,2018-06-29,947.55
179 ,2018-06-28,947.03
180 ,2018-06-27,961.29
181 ,2018-06-26,973.9
182 ,2018-06-25,982.09
183 ,2018-06-22,973.05
184 ,2018-06-21,955.75
185 ,2018-06-20,966.86
186 ,2018-06-19,945.11
187 ,2018-06-18,970.35
188 ,2018-06-15,1005.04
189 ,2018-06-14,1004.31
190 ,2018-06-13,1018.59
191 ,2018-06-12,1008.76
192 ,2018-06-11,1024.85
193 ,2018-06-08,1025.87
194 ,2018-06-07,1026.75
195 ,2018-06-06,1022.72
196 ,2018-06-05,1007.32
197 ,2018-06-04,996.67
198 ,2018-06-01,969.15
199 ,2018-05-31,947.31
200 ,2018-05-30,918.64
201 ,2018-05-29,924.9
202 ,2018-05-28,898.0
203 ,2018-05-25,936.32
204 ,2018-05-24,960.55
205 ,2018-05-23,968.54
206 ,2018-05-22,958.95
207 ,2018-05-21,997.21
208 ,2018-05-18,1022.21
209 ,2018-05-17,1007.09
210 ,2018-05-16,1034.3
211 ,2018-05-15,1055.49
212 ,2018-05-14,1051.45
213 ,2018-05-11,1030.79
214 ,2018-05-10,1019.69
215 ,2018-05-09,1046.39
216 ,2018-05-08,1047.83
217 ,2018-05-07,1048.03
218 ,2018-05-04,1010.89
219 ,2018-05-03,1010.35
220 ,2018-05-02,1012.84
221 ,2018-04-27,1027.97
222 ,2018-04-26,1018.97
223 ,2018-04-24,1053.99
224 ,2018-04-23,1055.37
225 ,2018-04-20,1089.45
226 ,2018-04-19,1066.09
227 ,2018-04-18,1115.7
228 ,2018-04-17,1130.32
229 ,2018-04-16,1128.03
230 ,2018-04-13,1134.21
231 ,2018-04-12,1143.5
232 ,2018-04-11,1137.2
233 ,2018-04-10,1168.06
234 ,2018-04-09,1177.68
235 ,2018-04-06,1174.37
236 ,2018-04-05,1169.12
237 ,2018-04-04,1165.75
238 ,2018-04-03,1160.97
239 ,2018-04-02,1171.21
240 ,2018-03-30,1153.08
241 ,2018-03-29,1144.74
242 ,2018-03-28,1151.09
243 ,2018-03-27,1150.3
244 ,2018-03-26,1146.73
245 ,2018-03-23,1128.93
246 ,2018-03-22,1144.58
247 ,2018-03-21,1147.26
248 ,2018-03-20,1134.19
249 ,2018-03-19,1130.26
250 ,2018-03-16,1112.93
251 ,2018-03-15,1110.26
252 ,2018-03-14,1115.0
253 ,2018-03-13,1111.38
254 ,2018-03-12,1106.97
255 ,2018-03-09,1106.54
256 ,2018-03-08,1105.03
257 ,2018-03-07,1092.17
258 ,2018-03-06,1103.31
259 ,2018-03-05,1080.83
260 ,2018-03-02,1106.92
261 ,2018-03-01,1105.84
262 ,2018-02-28,1108.23
263 ,2018-02-27,1106.09
264 ,2018-02-26,1099.71
265 ,2018-02-23,1089.96
266 ,2018-02-22,1064.28
267 ,2018-02-21,1075.47
268 ,2018-02-13,1054.09
269 ,2018-02-12,1034.76
270 ,2018-02-09,996.77
271 ,2018-02-08,1013.56
272 ,2018-02-07,1030.91
273 ,2018-02-06,1007.72
274 ,2018-02-05,1035.02
275 ,2018-02-02,1090.4
276 ,2018-02-01,1086.9
277 ,2018-01-31,1095.9
278 ,2018-01-30,1099.16
279 ,2018-01-29,1096.78
280 ,2018-01-26,1104.42
281 ,2018-01-25,1095.52
282 ,2018-01-23,1082.71
283 ,2018-01-22,1082.71
284 ,2018-01-19,1053.47
285 ,2018-01-18,1048.56
286 ,2018-01-17,1030.0
287 ,2018-01-16,1061.78
288 ,2018-01-15,1063.11
289 ,2018-01-12,1049.86
290 ,2018-01-11,1047.2
291 ,2018-01-10,1039.7
292 ,2018-01-09,1039.64
293 ,2018-01-08,1023.5
294 ,2018-01-05,1007.73
295 ,2018-01-04,1014.15
296 ,2018-01-03,1004.66
297 ,2018-01-02,992.72
298 ,2017-12-29,975.52
299 ,2017-12-28,966.91
300 ,2017-12-27,958.02
301 ,2017-12-26,955.73
302 ,2017-12-25,949.28
303 ,2017-12-22,945.88
304 ,2017-12-21,936.53
305 ,2017-12-20,948.78
306 ,2017-12-19,947.62
307 ,2017-12-18,950.81
308 ,2017-12-15,926.7
309 ,2017-12-14,928.21
310 ,2017-12-13,913.33
311 ,2017-12-12,914.82
312 ,2017-12-11,908.29
313 ,2017-12-08,930.25
314 ,2017-12-07,928.74
315 ,2017-12-06,939.06
316 ,2017-12-05,944.07
317 ,2017-12-04,966.44
318 ,2017-12-01,952.46
319 ,2017-11-30,943.05
320 ,2017-11-29,946.55
321 ,2017-11-28,935.74
322 ,2017-11-27,930.9
323 ,2017-11-24,926.21
324 ,2017-11-23,922.92
325 ,2017-11-22,922.18
326 ,2017-11-21,910.54
327 ,2017-11-20,899.31
328 ,2017-11-17,887.41
329 ,2017-11-16,890.01
330 ,2017-11-15,877.58
331 ,2017-11-14,871.08
332 ,2017-11-13,868.11
333 ,2017-11-10,858.55
334 ,2017-11-09,853.05
335 ,2017-11-08,853.57
336 ,2017-11-07,846.03
337 ,2017-11-06,844.73
338 ,2017-11-03,840.04
339 ,2017-11-02,827.66
340 ,2017-11-01,835.38
341 ,2017-10-31,831.62
342 ,2017-10-30,837.52
343 ,2017-10-27,834.91
344 ,2017-10-26,822.53
345 ,2017-10-25,821.45
346 ,2017-10-24,815.24
347 ,2017-10-23,809.36
348 ,2017-10-20,813.99
349 ,2017-10-19,817.39
350 ,2017-10-18,816.84
351 ,2017-10-17,818.48
352 ,2017-10-16,811.85
353 ,2017-10-13,815.47
354 ,2017-10-12,809.6
355 ,2017-10-11,806.83
356 ,2017-10-10,805.3
357 ,2017-10-09,801.49
358 ,2017-10-06,800.42
359 ,2017-10-05,797.42
360 ,2017-10-04,795.76
361 ,2017-10-03,787.02
362 ,2017-10-02,790.7
363 ,2017-09-29,792.72
364 ,2017-09-28,790.75
365 ,2017-09-27,788.31
366 ,2017-09-26,791.05
367 ,2017-09-25,789.89
368 ,2017-09-22,789.7
369 ,2017-09-21,786.41
370 ,2017-09-20,790.48
371 ,2017-09-19,792.68
372 ,2017-09-18,793.7
373 ,2017-09-15,789.49
374 ,2017-09-14,789.41
375 ,2017-09-13,786.43
376 ,2017-09-12,782.54
377 ,2017-09-11,779.58
378 ,2017-09-08,784.74
379 ,2017-09-07,779.2
380 ,2017-09-06,776.97
381 ,2017-09-05,777.02
382 ,2017-09-01,774.06
383 ,2017-08-31,770.08
384 ,2017-08-30,764.57
385 ,2017-08-29,754.59
386 ,2017-08-28,758.02
387 ,2017-08-25,751.14
388 ,2017-08-24,747.72
389 ,2017-08-23,743.1
390 ,2017-08-22,738.2
391 ,2017-08-21,743.66
392 ,2017-08-18,744.3
393 ,2017-08-17,743.2
394 ,2017-08-16,749.37
395 ,2017-08-15,746.07
396 ,2017-08-14,751.39
397 ,2017-08-11,744.99
398 ,2017-08-10,743.42
399 ,2017-08-09,741.36
400 ,2017-08-08,758.42
401 ,2017-08-07,763.08
402 ,2017-08-04,761.44
403 ,2017-08-03,757.88
404 ,2017-08-02,756.04
405 ,2017-08-01,758.36
406 ,2017-07-31,756.24
407 ,2017-07-28,749.86
408 ,2017-07-27,743.7
409 ,2017-07-26,745.79
410 ,2017-07-25,737.93
411 ,2017-07-24,729.54
412 ,2017-07-21,728.47
413 ,2017-07-20,736.64
414 ,2017-07-19,737.77
415 ,2017-07-18,741.32
416 ,2017-07-17,745.59
417 ,2017-07-14,759.97
418 ,2017-07-13,761.36
419 ,2017-07-12,757.57
420 ,2017-07-11,752.75
421 ,2017-07-10,750.79
422 ,2017-07-07,761.61
423 ,2017-07-06,770.58
424 ,2017-07-05,765.87
425 ,2017-07-04,763.92
426 ,2017-07-03,765.8
427 ,2017-06-30,765.41
428 ,2017-06-29,761.21
429 ,2017-06-28,757.1
430 ,2017-06-27,755.07
431 ,2017-06-26,760.8
432 ,2017-06-23,758.24
433 ,2017-06-22,757.94
434 ,2017-06-21,759.84
435 ,2017-06-20,759.67
436 ,2017-06-19,757.5
437 ,2017-06-16,750.07
438 ,2017-06-15,746.59
439 ,2017-06-14,745.53
440 ,2017-06-13,741.39
441 ,2017-06-12,736.86
442 ,2017-06-09,740.2
443 ,2017-06-08,737.52
444 ,2017-06-07,737.18
445 ,2017-06-06,732.69
446 ,2017-06-05,721.74
447 ,2017-06-02,718.33
448 ,2017-06-01,719.76
449 ,2017-05-31,713.43
450 ,2017-05-30,711.48
451 ,2017-05-29,722.26
452 ,2017-05-26,718.87
453 ,2017-05-25,716.4
454 ,2017-05-24,718.28
455 ,2017-05-23,708.62
456 ,2017-05-22,710.86
457 ,2017-05-19,702.03
458 ,2017-05-18,695.3
459 ,2017-05-17,696.37
460 ,2017-05-16,692.91
461 ,2017-05-15,695.22
462 ,2017-05-12,690.84
463 ,2017-05-11,691.02
464 ,2017-05-10,690.53
465 ,2017-05-09,688.08
466 ,2017-05-08,681.11
467 ,2017-05-05,684.17
468 ,2017-05-04,686.29
469 ,2017-05-03,684.99
470 ,2017-04-28,680.49
471 ,2017-04-27,681.36
472 ,2017-04-26,673.53
473 ,2017-04-25,668.58
474 ,2017-04-24,667.08
475 ,2017-04-21,672.6
476 ,2017-04-20,674.3
477 ,2017-04-19,679.69
478 ,2017-04-18,675.71
479 ,2017-04-17,669.31
480 ,2017-04-14,678.45
481 ,2017-04-13,687.72
482 ,2017-04-12,692.4
483 ,2017-04-11,697.93
484 ,2017-04-10,696.72
485 ,2017-04-07,697.62
486 ,2017-04-05,691.07
487 ,2017-04-04,699.07
488 ,2017-04-03,696.73
489 ,2017-03-31,693.22
490 ,2017-03-30,692.5
491 ,2017-03-29,689.91
492 ,2017-03-28,688.31
493 ,2017-03-27,693.49
494 ,2017-03-24,691.76
495 ,2017-03-23,689.32
496 ,2017-03-22,677.96
497 ,2017-03-21,679.69
498 ,2017-03-20,676.02
499 ,2017-03-17,668.35
500 ,2017-03-16,668.07
501 ,2017-03-15,663.57
502 ,2017-03-14,665.46
503 ,2017-03-13,662.67
504 ,2017-03-10,663.49
505 ,2017-03-09,664.3
506 ,2017-03-08,662.48
507 ,2017-03-07,659.9
508 ,2017-03-06,658.61
509 ,2017-03-03,656.77
510 ,2017-03-02,653.76
511 ,2017-03-01,655.99
512 ,2017-02-28,657.95
513 ,2017-02-27,666.22
514 ,2017-02-24,661.81
515 ,2017-02-23,667.42
516 ,2017-02-22,668.61
517 ,2017-02-21,671.52
518 ,2017-02-20,667.56
519 ,2017-02-17,668.1
520 ,2017-02-16,667.72
521 ,2017-02-15,669.08
522 ,2017-02-14,663.43
523 ,2017-02-13,662.68
524 ,2017-02-10,658.78
525 ,2017-02-09,658.83
526 ,2017-02-08,657.97
527 ,2017-02-07,656.48
528 ,2017-02-06,654.03
529 ,2017-02-03,651.18
530 ,2017-02-02,652.98
531 ,2017-01-25,644.79
532 ,2017-01-24,639.32
533 ,2017-01-23,635.42
534 ,2017-01-20,634.28
535 ,2017-01-19,631.0
536 ,2017-01-18,633.1
537 ,2017-01-17,637.54
538 ,2017-01-16,632.7
539 ,2017-01-13,640.07
540 ,2017-01-12,642.25
541 ,2017-01-11,643.39
542 ,2017-01-10,639.36
543 ,2017-01-09,638.4
544 ,2017-01-06,636.34
545 ,2017-01-05,634.83
546 ,2017-01-04,632.7
547 ,2017-01-03,633.89
548 ,2016-12-30,628.21
549 ,2016-12-29,626.95
550 ,2016-12-28,624.83
551 ,2016-12-27,623.46
552 ,2016-12-26,621.73
553 ,2016-12-23,620.75
554 ,2016-12-22,618.35
555 ,2016-12-21,618.43
556 ,2016-12-20,616.74
557 ,2016-12-19,623.85
558 ,2016-12-16,621.04
559 ,2016-12-15,613.25
560 ,2016-12-14,615.26
561 ,2016-12-13,606.71
562 ,2016-12-12,612.83
563 ,2016-12-09,619.64
564 ,2016-12-08,619.45
565 ,2016-12-07,615.0
566 ,2016-12-06,616.26
567 ,2016-12-05,625.32
568 ,2016-12-02,629.64
569 ,2016-12-01,631.55
570 ,2016-11-30,631.89
571 ,2016-11-29,625.78
572 ,2016-11-28,630.62
573 ,2016-11-25,643.38
574 ,2016-11-24,647.47
575 ,2016-11-23,647.59
576 ,2016-11-22,643.76
577 ,2016-11-21,638.87
578 ,2016-11-18,634.35
579 ,2016-11-17,636.02
580 ,2016-11-16,638.72
581 ,2016-11-15,637.51
582 ,2016-11-14,634.13
583 ,2016-11-11,642.0
584 ,2016-11-10,641.9
585 ,2016-11-09,635.42
586 ,2016-11-08,642.01
587 ,2016-11-07,639.91
588 ,2016-11-04,632.54
589 ,2016-11-03,632.81
590 ,2016-11-02,636.54
591 ,2016-11-01,643.05
592 ,2016-10-31,644.22
593 ,2016-10-28,649.27
594 ,2016-10-27,644.18
595 ,2016-10-26,641.81
596 ,2016-10-25,644.91
597 ,2016-10-24,648.29
598 ,2016-10-21,655.17
599 ,2016-10-20,657.15
600 ,2016-10-19,659.39
601 ,2016-10-18,653.32
602 ,2016-10-17,650.46
603 ,2016-10-14,657.59
604 ,2016-10-13,658.29
605 ,2016-10-12,653.25
606 ,2016-10-11,654.88
607 ,2016-10-10,647.25
608 ,2016-10-07,657.54
609 ,2016-10-06,663.12
610 ,2016-10-05,663.95
611 ,2016-10-04,661.89
612 ,2016-10-03,662.42
613 ,2016-09-30,668.44
614 ,2016-09-29,670.3
615 ,2016-09-28,669.17
616 ,2016-09-27,671.21
617 ,2016-09-26,666.1
618 ,2016-09-23,664.31
619 ,2016-09-22,662.31
620 ,2016-09-21,657.44
621 ,2016-09-20,653.66
622 ,2016-09-19,648.83
623 ,2016-09-16,639.37
624 ,2016-09-15,645.02
625 ,2016-09-14,646.93
626 ,2016-09-13,651.8
627 ,2016-09-12,651.63
628 ,2016-09-09,658.66
629 ,2016-09-08,659.25
630 ,2016-09-07,654.79
631 ,2016-09-06,656.02
632 ,2016-09-05,655.08
633 ,2016-09-01,659.09
634 ,2016-08-31,665.25
635 ,2016-08-30,661.2
636 ,2016-08-29,656.23
637 ,2016-08-26,656.71
638 ,2016-08-25,649.06
639 ,2016-08-24,650.95
640 ,2016-08-23,650.92
641 ,2016-08-22,647.46
642 ,2016-08-19,654.42
643 ,2016-08-18,652.87
644 ,2016-08-17,650.82
645 ,2016-08-16,646.44
646 ,2016-08-15,645.66
647 ,2016-08-12,641.11
648 ,2016-08-11,645.1
649 ,2016-08-10,632.86
650 ,2016-08-09,621.43
651 ,2016-08-08,614.65
652 ,2016-08-05,615.06
653 ,2016-08-04,617.41
654 ,2016-08-03,619.8
655 ,2016-08-02,623.16
656 ,2016-08-01,635.41
657 ,2016-07-29,639.17
658 ,2016-07-28,644.33
659 ,2016-07-27,639.63
660 ,2016-07-26,634.68
661 ,2016-07-25,633.21
662 ,2016-07-22,634.34
663 ,2016-07-21,643.16
664 ,2016-07-20,645.15
665 ,2016-07-19,654.17
666 ,2016-07-18,662.29
667 ,2016-07-15,653.63
668 ,2016-07-14,651.14
669 ,2016-07-13,656.89
670 ,2016-07-12,641.58
671 ,2016-07-11,636.02
672 ,2016-07-08,643.56
673 ,2016-07-07,644.52
674 ,2016-07-06,636.18
675 ,2016-07-05,636.27
676 ,2016-07-04,633.57
677 ,2016-07-01,626.34
678 ,2016-06-30,621.79
679 ,2016-06-29,621.39
680 ,2016-06-28,614.31
681 ,2016-06-27,614.42
682 ,2016-06-24,612.69
683 ,2016-06-23,626.5
684 ,2016-06-22,624.18
685 ,2016-06-21,626.97
686 ,2016-06-20,624.19
687 ,2016-06-17,615.75
688 ,2016-06-16,622.54
689 ,2016-06-15,624.19
690 ,2016-06-14,625.36
691 ,2016-06-13,621.75
692 ,2016-06-10,629.27
693 ,2016-06-09,630.66
694 ,2016-06-08,630.09
695 ,2016-06-07,624.01
696 ,2016-06-06,618.88
697 ,2016-06-03,621.05
698 ,2016-06-02,621.18
699 ,2016-06-01,619.38
700 ,2016-05-31,617.52
701 ,2016-05-30,616.73
702 ,2016-05-27,611.0
703 ,2016-05-26,607.16
704 ,2016-05-25,612.74
705 ,2016-05-24,614.62
706 ,2016-05-23,614.45
707 ,2016-05-20,616.4
708 ,2016-05-19,621.13
709 ,2016-05-18,623.92
710 ,2016-05-17,622.93
711 ,2016-05-16,615.17
712 ,2016-05-13,609.97
713 ,2016-05-12,612.04
714 ,2016-05-11,611.96
715 ,2016-05-10,604.56
716 ,2016-05-09,604.24
717 ,2016-05-06,607.55
718 ,2016-05-05,604.69
719 ,2016-05-04,602.57
720 ,2016-04-29,601.25
721 ,2016-04-28,595.63
722 ,2016-04-27,597.43
723 ,2016-04-26,601.27
724 ,2016-04-25,594.16
725 ,2016-04-22,595.38
726 ,2016-04-21,582.76
727 ,2016-04-20,575.35
728 ,2016-04-19,575.06
729 ,2016-04-15,584.47
730 ,2016-04-14,586.21
731 ,2016-04-13,584.63
732 ,2016-04-12,587.47
733 ,2016-04-11,586.78
734 ,2016-04-08,578.97
735 ,2016-04-07,579.28
736 ,2016-04-06,576.4
737 ,2016-04-05,570.43
738 ,2016-04-04,565.71
739 ,2016-04-01,568.27
740 ,2016-03-31,571.69
741 ,2016-03-30,577.11
742 ,2016-03-29,575.16
743 ,2016-03-28,582.37
744 ,2016-03-25,578.24
745 ,2016-03-24,577.31
746 ,2016-03-23,580.6
747 ,2016-03-22,577.97
748 ,2016-03-21,579.95
749 ,2016-03-18,581.95
750 ,2016-03-17,586.47
751 ,2016-03-16,583.79
752 ,2016-03-15,583.02
753 ,2016-03-14,587.09
754 ,2016-03-11,583.89
755 ,2016-03-10,583.77
756 ,2016-03-09,581.25
757 ,2016-03-08,582.54
758 ,2016-03-07,582.6
759 ,2016-03-04,580.94
760 ,2016-03-03,579.11
761 ,2016-03-02,579.17
762 ,2016-03-01,572.99
763 ,2016-02-29,570.66
764 ,2016-02-26,577.71
765 ,2016-02-25,573.02
766 ,2016-02-24,578.87
767 ,2016-02-23,573.78
768 ,2016-02-22,574.37
769 ,2016-02-19,567.51
770 ,2016-02-18,566.85
771 ,2016-02-17,561.1
772 ,2016-02-16,562.32
773 ,2016-02-15,559.19
774 ,2016-02-05,563.97
775 ,2016-02-04,561.22
776 ,2016-02-03,556.53
777 ,2016-02-02,555.09
778 ,2016-02-01,557.98
779 ,2016-01-29,561.61
780 ,2016-01-28,556.86
781 ,2016-01-27,558.98
782 ,2016-01-26,554.52
783 ,2016-01-25,562.19
784 ,2016-01-22,539.37
785 ,2016-01-21,538.53
786 ,2016-01-20,544.24
787 ,2016-01-19,550.29
788 ,2016-01-18,541.18
789 ,2016-01-15,555.76
790 ,2016-01-14,569.17
791 ,2016-01-13,578.63
792 ,2016-01-12,582.39
793 ,2016-01-11,573.72
794 ,2016-01-08,575.96
795 ,2016-01-07,582.3
796 ,2016-01-06,589.97
797 ,2016-01-05,583.62
798 ,2016-01-04,589.91
799 ,2015-12-31,595.57
800 ,2015-12-30,594.8
801 ,2015-12-29,589.43
802 ,2015-12-28,583.16
803 ,2015-12-25,579.32
804 ,2015-12-24,576.71
805 ,2015-12-23,575.46
806 ,2015-12-22,576.8
807 ,2015-12-21,577.73
808 ,2015-12-18,578.85
809 ,2015-12-17,586.47
810 ,2015-12-16,583.97
811 ,2015-12-15,582.28
812 ,2015-12-14,579.42
813 ,2015-12-11,578.01
814 ,2015-12-10,572.5
815 ,2015-12-09,574.54
816 ,2015-12-08,584.85
817 ,2015-12-07,575.34
818 ,2015-12-04,582.96
819 ,2015-12-03,585.23
820 ,2015-12-02,583.94
821 ,2015-12-01,579.06
822 ,2015-11-30,581.94
823 ,2015-11-27,590.59
824 ,2015-11-26,598.04
825 ,2015-11-25,602.67
826 ,2015-11-24,600.21
827 ,2015-11-23,606.93
828 ,2015-11-20,611.16
829 ,2015-11-19,609.05
830 ,2015-11-18,612.25
831 ,2015-11-17,614.39
832 ,2015-11-16,619.14
833 ,2015-11-13,622.34
834 ,2015-11-12,614.39
835 ,2015-11-11,612.71
836 ,2015-11-10,614.56
837 ,2015-11-09,619.44
838 ,2015-11-06,622.67
839 ,2015-11-05,625.71
840 ,2015-11-04,621.35
841 ,2015-11-03,623.85
842 ,2015-11-02,613.19
843 ,2015-10-30,619.21
844 ,2015-10-29,618.01
845 ,2015-10-28,609.68
846 ,2015-10-27,611.57
847 ,2015-10-26,612.21
848 ,2015-10-23,616.07
849 ,2015-10-22,609.78
850 ,2015-10-21,604.34
851 ,2015-10-20,605.56
852 ,2015-10-19,611.37
853 ,2015-10-16,609.73
854 ,2015-10-15,607.95
855 ,2015-10-14,607.57
856 ,2015-10-13,607.03
857 ,2015-10-12,609.55
858 ,2015-10-09,605.6
859 ,2015-10-08,604.91
860 ,2015-10-07,598.42
861 ,2015-10-06,599.92
862 ,2015-10-05,588.73
863 ,2015-10-02,580.74
864 ,2015-10-01,582.33
865 ,2015-09-30,580.32
866 ,2015-09-29,578.98
867 ,2015-09-28,582.42
868 ,2015-09-25,588.11
869 ,2015-09-24,589.42
870 ,2015-09-23,591.23
871 ,2015-09-22,592.78
872 ,2015-09-21,590.46
873 ,2015-09-18,582.73
874 ,2015-09-17,576.68
875 ,2015-09-16,576.78
876 ,2015-09-15,571.53
877 ,2015-09-14,576.0
878 ,2015-09-11,583.27
879 ,2015-09-10,588.54
880 ,2015-09-09,587.69
881 ,2015-09-08,583.35
882 ,2015-09-07,574.09
883 ,2015-09-04,578.78
884 ,2015-09-03,575.58
885 ,2015-09-01,583.61
886 ,2015-08-31,586.23
887 ,2015-08-28,597.81
888 ,2015-08-27,581.51
889 ,2015-08-26,574.88
890 ,2015-08-25,561.0
891 ,2015-08-24,558.92
892 ,2015-08-21,587.83
893 ,2015-08-20,598.22
894 ,2015-08-19,608.91
895 ,2015-08-18,611.8
896 ,2015-08-17,607.44
897 ,2015-08-14,618.94
898 ,2015-08-13,622.83
899 ,2015-08-12,632.9
900 ,2015-08-11,643.42
901 ,2015-08-10,649.99
902 ,2015-08-07,638.4
903 ,2015-08-06,633.53
904 ,2015-08-05,639.33
905 ,2015-08-04,631.27
906 ,2015-08-03,636.92
907 ,2015-07-31,647.36
908 ,2015-07-30,651.7
909 ,2015-07-29,651.21
910 ,2015-07-28,659.6
911 ,2015-07-27,665.66
912 ,2015-07-24,657.97
913 ,2015-07-23,655.74
914 ,2015-07-22,655.06
915 ,2015-07-21,641.45
916 ,2015-07-20,644.19
917 ,2015-07-17,651.03
918 ,2015-07-16,649.06
919 ,2015-07-15,651.45
920 ,2015-07-14,658.28
921 ,2015-07-13,652.28
922 ,2015-07-10,648.73
923 ,2015-07-09,646.58
924 ,2015-07-08,645.67
925 ,2015-07-07,653.27
926 ,2015-07-06,649.54
927 ,2015-07-03,639.87
928 ,2015-07-02,633.28
929 ,2015-07-01,622.91
930 ,2015-06-30,622.43
931 ,2015-06-29,620.22
932 ,2015-06-26,608.92
933 ,2015-06-25,609.49
934 ,2015-06-24,610.73
935 ,2015-06-23,614.42
936 ,2015-06-22,615.1
937 ,2015-06-19,603.26
938 ,2015-06-18,600.45
939 ,2015-06-17,598.25
940 ,2015-06-16,600.92
941 ,2015-06-15,604.53
942 ,2015-06-12,604.29
943 ,2015-06-11,601.4
944 ,2015-06-10,595.06
945 ,2015-06-09,593.36
946 ,2015-06-08,594.51
947 ,2015-06-05,592.22
948 ,2015-06-04,587.48
949 ,2015-06-03,585.6
950 ,2015-06-02,588.63
951 ,2015-06-01,593.61
952 ,2015-05-29,589.32
953 ,2015-05-28,594.27
954 ,2015-05-27,589.82
955 ,2015-05-26,591.13
956 ,2015-05-25,588.36
957 ,2015-05-22,586.58
958 ,2015-05-21,578.64
959 ,2015-05-20,572.34
960 ,2015-05-19,556.44
961 ,2015-05-18,552.9
962 ,2015-05-15,561.87
963 ,2015-05-14,569.89
964 ,2015-05-13,569.28
965 ,2015-05-12,571.0
966 ,2015-05-11,579.41
967 ,2015-05-08,582.91
968 ,2015-05-07,582.4
969 ,2015-05-06,579.39
970 ,2015-05-05,585.45
971 ,2015-05-04,576.52
972 ,2015-04-27,593.15
973 ,2015-04-24,596.1
974 ,2015-04-23,592.71
975 ,2015-04-22,594.0
976 ,2015-04-21,593.67
977 ,2015-04-20,595.82
978 ,2015-04-17,599.12
979 ,2015-04-16,595.09
980 ,2015-04-15,590.78
981 ,2015-04-14,587.24
982 ,2015-04-13,589.77
983 ,2015-04-10,583.34
984 ,2015-04-09,578.35
985 ,2015-04-08,575.94
986 ,2015-04-07,577.69
987 ,2015-04-06,572.71
988 ,2015-04-03,577.66
989 ,2015-04-02,576.13
990 ,2015-04-01,569.48
991 ,2015-03-31,579.97
992 ,2015-03-30,576.6
993 ,2015-03-27,583.02
994 ,2015-03-26,586.7
995 ,2015-03-25,590.17
996 ,2015-03-24,593.8
997 ,2015-03-23,598.07
998 ,2015-03-20,603.76
999 ,2015-03-19,601.31
1000,2015-03-18,607.18
1001,2015-03-17,611.24
1002,2015-03-16,610.63
1003,2015-03-13,616.94
1004,2015-03-12,620.24
1005,2015-03-11,619.27
1006,2015-03-10,621.1
1007,2015-03-09,620.88
1008,2015-03-06,622.75
1009,2015-03-05,625.25
1010,2015-03-04,629.69
1011,2015-03-03,627.27
1012,2015-03-02,617.05
1013,2015-02-27,618.39
1014,2015-02-26,623.84
1015,2015-02-25,619.44
1016,2015-02-24,624.17
1017,2015-02-13,617.2
1018,2015-02-12,613.36
1019,2015-02-11,607.33
1020,2015-02-10,595.53
1021,2015-02-09,594.77
1022,2015-02-06,595.69
1023,2015-02-05,591.28
1024,2015-02-04,588.83
1025,2015-02-03,585.47
1026,2015-02-02,598.46
1027,2015-01-30,606.54
1028,2015-01-29,613.9
1029,2015-01-28,613.53
1030,2015-01-27,609.98
1031,2015-01-26,612.64
1032,2015-01-23,615.16
1033,2015-01-22,610.31
1034,2015-01-21,606.53
1035,2015-01-20,609.19
1036,2015-01-19,611.64
1037,2015-01-16,614.72
1038,2015-01-15,617.62
1039,2015-01-14,616.84
1040,2015-01-13,619.39
1041,2015-01-12,615.73
1042,2015-01-09,618.41
1043,2015-01-08,606.85
1044,2015-01-07,607.65
1045,2015-01-06,606.37
1046,2015-01-05,599.69
1047,2014-12-31,601.66
1048,2014-12-30,591.18
1049,2014-12-29,583.36
1050,2014-12-26,582.45
1051,2014-12-25,585.19
1052,2014-12-24,591.19
1053,2014-12-23,589.61
1054,2014-12-22,587.56
1055,2014-12-19,570.61
1056,2014-12-18,578.88
1057,2014-12-17,569.71
1058,2014-12-16,591.78
1059,2014-12-15,603.92
1060,2014-12-12,609.33
1061,2014-12-11,604.8
1062,2014-12-10,610.81
1063,2014-12-09,603.85
1064,2014-12-08,619.87
1065,2014-12-05,624.67
1066,2014-12-04,624.31
1067,2014-12-03,619.29
1068,2014-12-02,613.57
1069,2014-12-01,614.44
1070,2014-11-28,611.15
1071,2014-11-27,615.57
1072,2014-11-26,616.48
1073,2014-11-25,623.23
1074,2014-11-24,616.39
1075,2014-11-21,623.74
1076,2014-11-20,628.8
1077,2014-11-19,623.66
1078,2014-11-18,627.84
1079,2014-11-17,637.21
1080,2014-11-14,637.9
1081,2014-11-13,638.87
1082,2014-11-12,641.89
1083,2014-11-11,642.02
1084,2014-11-10,642.9
1085,2014-11-07,642.77
1086,2014-11-06,637.56
1087,2014-11-05,637.68
1088,2014-11-04,639.91
1089,2014-11-03,644.64
1090,2014-10-31,638.78
1091,2014-10-30,627.21
1092,2014-10-29,628.1
1093,2014-10-28,618.99
1094,2014-10-27,615.15
1095,2014-10-24,629.52
1096,2014-10-23,630.84
1097,2014-10-22,637.85
1098,2014-10-21,633.81
1099,2014-10-20,628.09
1100,2014-10-17,624.77
1101,2014-10-16,623.76
1102,2014-10-15,641.63
1103,2014-10-14,641.13
1104,2014-10-13,651.07
1105,2014-10-10,651.72
1106,2014-10-09,657.11
1107,2014-10-08,658.98
1108,2014-10-07,659.16
1109,2014-10-06,662.43
1110,2014-10-03,659.25
1111,2014-10-02,659.64
1112,2014-10-01,655.06
1113,2014-09-30,644.25
1114,2014-09-29,642.98
1115,2014-09-26,649.63
1116,2014-09-25,653.39
1117,2014-09-24,655.14
1118,2014-09-23,658.31
1119,2014-09-22,653.19
1120,2014-09-19,654.54
1121,2014-09-18,659.63
1122,2014-09-17,665.66
1123,2014-09-16,666.66
1124,2014-09-15,668.42
1125,2014-09-12,669.78
1126,2014-09-11,665.09
1127,2014-09-10,666.42
1128,2014-09-09,664.65
1129,2014-09-08,678.83
1130,2014-09-05,677.62
1131,2014-09-04,678.59
1132,2014-09-03,678.9
1133,2014-08-29,676.82
1134,2014-08-28,668.96
1135,2014-08-27,667.9
1136,2014-08-26,668.25
1137,2014-08-25,661.76
1138,2014-08-22,654.96
1139,2014-08-21,649.94
1140,2014-08-20,645.44
1141,2014-08-19,645.46
1142,2014-08-18,647.0
1143,2014-08-15,645.13
1144,2014-08-14,649.85
1145,2014-08-13,645.17
1146,2014-08-12,639.96
1147,2014-08-11,638.22
1148,2014-08-08,641.93
1149,2014-08-07,644.19
1150,2014-08-06,644.0
1151,2014-08-05,643.56
1152,2014-08-04,638.98
1153,2014-08-01,635.01
1154,2014-07-31,637.04
1155,2014-07-30,629.07
1156,2014-07-29,633.58
1157,2014-07-28,630.3
1158,2014-07-25,641.96
1159,2014-07-24,646.64
1160,2014-07-23,640.84
1161,2014-07-22,641.95
1162,2014-07-21,645.33
1163,2014-07-18,645.52
1164,2014-07-17,636.3
1165,2014-07-16,637.13
1166,2014-07-15,636.09
1167,2014-07-14,632.54
1168,2014-07-11,627.1
1169,2014-07-10,628.78
1170,2014-07-09,636.64
1171,2014-07-08,636.21
1172,2014-07-07,636.75
1173,2014-07-04,631.02
1174,2014-07-03,627.17
1175,2014-07-02,620.2
1176,2014-07-01,617.96
1177,2014-06-30,615.06
1178,2014-06-27,616.85
1179,2014-06-26,619.91
1180,2014-06-25,618.1
1181,2014-06-24,612.54
1182,2014-06-23,609.99
1183,2014-06-20,607.23
1184,2014-06-19,613.82
1185,2014-06-18,618.61
1186,2014-06-17,620.61
1187,2014-06-16,618.62
1188,2014-06-13,617.73
1189,2014-06-12,616.11
1190,2014-06-11,615.52
1191,2014-06-10,608.59
1192,2014-06-09,610.92
1193,2014-06-06,608.48
1194,2014-06-05,601.6
1195,2014-06-04,603.83
1196,2014-06-03,612.49
1197,2014-06-02,610.99
1198,2014-05-30,618.0
1199,2014-05-29,615.01
1200,2014-05-28,614.88
1201,2014-05-27,605.87
1202,2014-05-26,596.24
1203,2014-05-23,594.35
1204,2014-05-22,592.75
1205,2014-05-21,596.82
1206,2014-05-20,590.27
1207,2014-05-19,589.31
1208,2014-05-16,581.93
1209,2014-05-15,575.53
1210,2014-05-14,581.83
1211,2014-05-13,560.11
1212,2014-05-12,563.3
1213,2014-05-09,587.91
1214,2014-05-08,575.31
1215,2014-05-07,609.51
1216,2014-05-06,605.2
1217,2014-05-05,614.36
1218,2014-04-29,632.1
1219,2014-04-28,628.9
1220,2014-04-25,636.35
1221,2014-04-24,629.16
1222,2014-04-23,629.78
1223,2014-04-22,630.88
1224,2014-04-21,613.67
1225,2014-04-18,621.13
1226,2014-04-17,642.48
1227,2014-04-16,634.76
1228,2014-04-15,647.74
1229,2014-04-14,661.12
1230,2014-04-11,665.85
1231,2014-04-10,670.06
1232,2014-04-08,672.06
1233,2014-04-07,672.97
1234,2014-04-04,667.33
1235,2014-04-03,664.88
1236,2014-04-02,658.01
1237,2014-04-01,660.13
1238,2014-03-31,670.43
1239,2014-03-28,676.31
1240,2014-03-27,669.89
1241,2014-03-26,664.87
1242,2014-03-25,682.75
1243,2014-03-24,689.32
1244,2014-03-21,679.98
1245,2014-03-20,676.08
1246,2014-03-19,681.94
1247,2014-03-18,673.68
1248,2014-03-17,672.15
1249,2014-03-14,668.39
1250,2014-03-13,669.21
1251,2014-03-12,663.84
1252,2014-03-11,661.61
1253,2014-03-10,655.8
1254,2014-03-07,651.46
1255,2014-03-06,648.62
1256,2014-03-05,645.76
1257,2014-03-04,638.79
1258,2014-03-03,643.95
1259,2014-02-28,663.81
1260,2014-02-27,662.74
1261,2014-02-26,667.91
1262,2014-02-25,661.53
1263,2014-02-24,648.49
1264,2014-02-21,639.37
1265,2014-02-20,638.7
1266,2014-02-19,650.43
1267,2014-02-18,645.6
1268,2014-02-17,638.8
1269,2014-02-14,641.41
1270,2014-02-13,641.73
1271,2014-02-12,637.79
1272,2014-02-11,627.4
1273,2014-02-10,631.42
1274,2014-02-07,622.82
1275,2014-02-06,626.31
1276,2014-01-27,624.7
1277,2014-01-24,627.91
1278,2014-01-23,626.62
1279,2014-01-22,626.04
1280,2014-01-21,634.08
1281,2014-01-20,620.69
1282,2014-01-17,605.5
1283,2014-01-16,589.46
1284,2014-01-15,583.07
1285,2014-01-14,580.59
1286,2014-01-13,576.61
1287,2014-01-10,576.16
1288,2014-01-09,577.19
1289,2014-01-08,573.11
1290,2014-01-07,568.15
1291,2014-01-06,566.3
1292,2014-01-03,562.8
1293,2014-01-02,562.0
1294,2013-12-31,562.2
1295,2013-12-30,556.37
1296,2013-12-27,562.28
1297,2013-12-26,562.45
1298,2013-12-25,561.18
1299,2013-12-24,562.85
1300,2013-12-23,565.98
1301,2013-12-20,560.68
1302,2013-12-19,565.52
1303,2013-12-18,566.27
1304,2013-12-17,565.94
1305,2013-12-16,560.93
1306,2013-12-13,566.47
1307,2013-12-12,567.4
1308,2013-12-11,565.69
1309,2013-12-10,572.13
1310,2013-12-09,573.21
1311,2013-12-06,570.11
1312,2013-12-05,569.18
1313,2013-12-04,570.91
1314,2013-12-03,571.71
1315,2013-12-02,568.87
1316,2013-11-29,569.06
1317,2013-11-28,570.56
1318,2013-11-27,568.33
1319,2013-11-26,568.85
1320,2013-11-25,567.42
1321,2013-11-22,566.28
1322,2013-11-21,563.45
1323,2013-11-20,566.44
1324,2013-11-19,564.89
1325,2013-11-18,565.36
1326,2013-11-15,559.75
1327,2013-11-14,555.73
1328,2013-11-13,553.09
1329,2013-11-12,555.11
1330,2013-11-11,559.32
1331,2013-11-08,556.78
1332,2013-11-07,559.12
1333,2013-11-06,561.93
1334,2013-11-05,557.72
1335,2013-11-04,554.97
1336,2013-11-01,554.73
1337,2013-10-31,555.56
1338,2013-10-30,557.23
1339,2013-10-29,556.15
1340,2013-10-28,555.95
1341,2013-10-25,560.57
1342,2013-10-24,562.02
1343,2013-10-23,565.28
1344,2013-10-22,560.36
1345,2013-10-21,561.3
1346,2013-10-18,559.38
1347,2013-10-17,557.79
1348,2013-10-16,557.15
1349,2013-10-15,553.9
1350,2013-10-14,551.48
1351,2013-10-11,552.16
1352,2013-10-10,551.86
1353,2013-10-09,556.72
1354,2013-10-08,558.55
1355,2013-10-07,557.54
1356,2013-10-04,552.07
1357,2013-10-03,549.58
1358,2013-10-02,552.73
1359,2013-10-01,549.63
1360,2013-09-30,551.56
1361,2013-09-27,545.49
1362,2013-09-26,545.83
1363,2013-09-25,545.83
1364,2013-09-24,543.23
1365,2013-09-23,540.25
1366,2013-09-20,537.57
1367,2013-09-19,533.83
1368,2013-09-18,531.63
1369,2013-09-17,535.8
1370,2013-09-16,531.99
1371,2013-09-13,531.21
1372,2013-09-12,531.17
1373,2013-09-11,531.91
1374,2013-09-10,530.19
1375,2013-09-09,524.17
1376,2013-09-06,534.8
1377,2013-09-05,531.71
1378,2013-09-04,525.66
1379,2013-09-03,527.92
1380,2013-08-30,531.23
1381,2013-08-29,523.51
1382,2013-08-28,528.62
1383,2013-08-27,539.97
1384,2013-08-26,543.38
1385,2013-08-23,542.08
1386,2013-08-22,549.54
1387,2013-08-21,555.93
1388,2013-08-20,557.52
1389,2013-08-19,561.62
1390,2013-08-16,559.16
1391,2013-08-15,559.07
1392,2013-08-14,554.34
1393,2013-08-13,550.36
1394,2013-08-12,550.07
1395,2013-08-09,552.27
1396,2013-08-08,550.07
1397,2013-08-07,553.29
1398,2013-08-06,549.45
1399,2013-08-05,546.18
1400,2013-08-02,545.59
1401,2013-08-01,543.56
1402,2013-07-31,542.52
1403,2013-07-30,541.78
1404,2013-07-29,537.42
1405,2013-07-26,544.88
1406,2013-07-25,544.15
1407,2013-07-24,548.24
1408,2013-07-23,556.79
1409,2013-07-22,557.97
1410,2013-07-19,556.56
1411,2013-07-18,550.67
1412,2013-07-17,551.38
1413,2013-07-16,549.75
1414,2013-07-15,548.6
1415,2013-07-12,548.27
1416,2013-07-11,539.51
1417,2013-07-10,538.97
1418,2013-07-09,541.53
1419,2013-07-08,539.92
1420,2013-07-05,543.38
1421,2013-07-04,543.66
1422,2013-07-03,543.95
1423,2013-07-02,544.98
1424,2013-07-01,534.85
1425,2013-06-28,538.54
1426,2013-06-27,539.89
1427,2013-06-26,529.88
1428,2013-06-25,530.46
1429,2013-06-24,546.56
1430,2013-06-21,553.57
1431,2013-06-20,555.01
1432,2013-06-19,556.73
1433,2013-06-18,552.87
1434,2013-06-17,552.73
1435,2013-06-14,562.97
1436,2013-06-13,571.79
1437,2013-06-12,575.39
1438,2013-06-11,581.15
1439,2013-06-10,584.11
1440,2013-06-07,588.21
1441,2013-06-06,582.92
1442,2013-06-05,577.28
1443,2013-06-04,574.95
1444,2013-06-03,580.89
1445,2013-05-31,581.95
1446,2013-05-30,584.7
1447,2013-05-29,579.33
1448,2013-05-28,577.4
1449,2013-05-27,574.82
1450,2013-05-24,563.81
1451,2013-05-23,561.79
1452,2013-05-22,567.79
1453,2013-05-21,566.46
1454,2013-05-20,558.79
1455,2013-05-17,553.51
1456,2013-05-16,556.01
1457,2013-05-15,551.81
1458,2013-05-14,548.27
1459,2013-05-13,554.38
1460,2013-05-10,551.81
1461,2013-05-09,552.53
1462,2013-05-08,549.74
1463,2013-05-07,549.57
1464,2013-05-06,551.99
1465,2013-05-03,539.33
1466,2013-05-02,536.25
1467,2013-04-26,537.37
1468,2013-04-25,537.23
1469,2013-04-24,531.69
1470,2013-04-23,532.24
1471,2013-04-22,527.63
1472,2013-04-18,532.44
1473,2013-04-17,543.99
1474,2013-04-16,538.17
1475,2013-04-15,540.83
1476,2013-04-12,557.77
1477,2013-04-11,565.76
1478,2013-04-10,558.37
1479,2013-04-09,575.93
1480,2013-04-08,575.02
1481,2013-04-05,570.2
1482,2013-04-04,564.39
1483,2013-04-03,569.33
1484,2013-04-02,573.5
1485,2013-04-01,566.98
1486,2013-03-29,552.28
1487,2013-03-28,551.92
1488,2013-03-27,554.83
1489,2013-03-26,557.17
1490,2013-03-25,561.81
1491,2013-03-22,554.84
1492,2013-03-21,559.39
1493,2013-03-20,551.15
1494,2013-03-19,547.22
1495,2013-03-18,548.72
1496,2013-03-15,553.33
1497,2013-03-14,546.15
1498,2013-03-13,542.94
1499,2013-03-12,547.63
1500,2013-03-11,550.22
1501,2013-03-08,540.01
1502,2013-03-07,533.69
1503,2013-03-06,539.08
1504,2013-03-05,528.29
1505,2013-03-04,534.53
1506,2013-03-01,547.7
1507,2013-02-28,545.68
1508,2013-02-27,535.86
1509,2013-02-26,536.94
1510,2013-02-25,558.17
1511,2013-02-22,551.33
1512,2013-02-21,550.42
1513,2013-02-20,572.38
1514,2013-02-19,570.22
1515,2013-02-18,574.43
1516,2013-02-08,574.18
1517,2013-02-07,571.59
1518,2013-02-06,570.03
1519,2013-02-05,556.83
1520,2013-02-04,562.07
1521,2013-02-01,566.09
1522,2013-01-31,564.01
1523,2013-01-30,572.76
1524,2013-01-29,569.6
1525,2013-01-28,562.6
1526,2013-01-25,547.31
1527,2013-01-24,532.11
1528,2013-01-23,521.92
1529,2013-01-22,521.19
1530,2013-01-21,527.89
1531,2013-01-18,534.97
1532,2013-01-17,537.75
1533,2013-01-16,546.34
1534,2013-01-15,542.73
1535,2013-01-14,537.42
1536,2013-01-11,545.72
1537,2013-01-10,545.8
1538,2013-01-09,531.52
1539,2013-01-08,525.36
1540,2013-01-07,509.18
1541,2013-01-04,498.31
1542,2013-01-03,491.34
1543,2013-01-02,490.82
1544,2012-12-28,485.38
1545,2012-12-27,480.85
1546,2012-12-26,475.93
1547,2012-12-25,469.15
1548,2012-12-24,466.99
1549,2012-12-21,465.24
1550,2012-12-20,468.32
1551,2012-12-19,467.12
1552,2012-12-18,460.42
1553,2012-12-17,462.25
1554,2012-12-14,460.74
1555,2012-12-13,457.83
1556,2012-12-12,457.64
1557,2012-12-11,455.9
1558,2012-12-10,453.69
1559,2012-12-07,449.81
1560,2012-12-06,451.72
1561,2012-12-05,451.61
1562,2012-12-04,448.02
1563,2012-12-03,445.72
1564,2012-11-30,443.68
1565,2012-11-29,444.27
1566,2012-11-28,441.49
1567,2012-11-27,443.68
1568,2012-11-26,445.17
1569,2012-11-23,449.73
1570,2012-11-22,452.24
1571,2012-11-21,452.87
1572,2012-11-20,455.1
1573,2012-11-19,452.36
1574,2012-11-16,455.67
1575,2012-11-15,457.08
1576,2012-11-14,458.21
1577,2012-11-13,455.08
1578,2012-11-12,460.56
1579,2012-11-09,457.23
1580,2012-11-08,455.78
1581,2012-11-07,450.83
1582,2012-11-06,446.63
1583,2012-11-05,446.51
1584,2012-11-02,441.9
1585,2012-11-01,458.06
1586,2012-10-31,458.56
1587,2012-10-30,459.04
1588,2012-10-29,461.03
1589,2012-10-26,462.16
1590,2012-10-25,459.93
1591,2012-10-24,466.62
1592,2012-10-23,469.82
1593,2012-10-22,469.39
1594,2012-10-19,471.26
1595,2012-10-18,471.96
1596,2012-10-17,469.39
1597,2012-10-16,471.68
1598,2012-10-15,461.34
1599,2012-10-12,460.18
1600,2012-10-11,461.28
1601,2012-10-10,461.71
1602,2012-10-09,460.09
1603,2012-10-08,460.26
1604,2012-10-05,453.2
1605,2012-10-04,449.62
1606,2012-10-03,450.44
1607,2012-10-02,448.97
1608,2012-10-01,451.55
1609,2012-09-28,456.48
1610,2012-09-27,458.38
1611,2012-09-26,460.23
1612,2012-09-25,456.52
1613,2012-09-24,454.52
1614,2012-09-21,457.53
1615,2012-09-20,449.66
1616,2012-09-19,457.13
1617,2012-09-18,460.44
1618,2012-09-17,468.32
1619,2012-09-14,463.9
1620,2012-09-13,456.11
1621,2012-09-12,453.96
1622,2012-09-11,453.39
1623,2012-09-10,455.59
1624,2012-09-07,465.94
1625,2012-09-06,463.63
1626,2012-09-05,469.46
1627,2012-09-04,472.78
1628,2012-08-31,465.29
1629,2012-08-30,465.42
1630,2012-08-29,459.64
1631,2012-08-28,454.1
1632,2012-08-27,456.32
1633,2012-08-24,472.75
1634,2012-08-23,464.83
1635,2012-08-22,486.32
1636,2012-08-21,496.39
1637,2012-08-20,521.28
1638,2012-08-17,515.55
1639,2012-08-16,514.47
1640,2012-08-15,516.05
1641,2012-08-14,513.36
1642,2012-08-13,508.99
1643,2012-08-10,506.6
1644,2012-08-09,508.58
1645,2012-08-08,503.74
1646,2012-08-07,502.07
1647,2012-08-06,502.97
1648,2012-08-03,497.38
1649,2012-08-02,494.12
1650,2012-08-01,489.76
1651,2012-07-31,491.98
1652,2012-07-30,492.29
1653,2012-07-27,489.61
1654,2012-07-26,490.78
1655,2012-07-25,488.37
1656,2012-07-24,491.34
1657,2012-07-23,495.86
1658,2012-07-20,497.43
1659,2012-07-19,502.6
1660,2012-07-18,494.11
1661,2012-07-17,493.04
1662,2012-07-16,488.63
1663,2012-07-13,492.36
1664,2012-07-12,483.12
1665,2012-07-11,481.57
1666,2012-07-10,479.58
1667,2012-07-09,482.49
1668,2012-07-06,490.64
1669,2012-07-05,488.82
1670,2012-07-04,485.42
1671,2012-07-03,486.95
1672,2012-07-02,492.66
1673,2012-06-29,497.73
1674,2012-06-28,491.71
1675,2012-06-27,492.77
1676,2012-06-26,493.73
1677,2012-06-25,498.09
1678,2012-06-22,500.34
1679,2012-06-21,504.71
1680,2012-06-20,508.23
1681,2012-06-19,506.67
1682,2012-06-18,510.81
1683,2012-06-15,507.94
1684,2012-06-14,500.24
1685,2012-06-13,504.19
1686,2012-06-12,506.49
1687,2012-06-11,509.99
1688,2012-06-08,508.15
1689,2012-06-07,509.41
1690,2012-06-06,504.11
1691,2012-06-05,498.02
1692,2012-06-04,492.89
1693,2012-06-01,505.65
1694,2012-05-31,507.07
1695,2012-05-30,513.38
1696,2012-05-29,510.81
1697,2012-05-28,513.44
1698,2012-05-25,514.27
1699,2012-05-24,501.58
1700,2012-05-23,508.45
1701,2012-05-22,516.86
1702,2012-05-21,518.86
1703,2012-05-18,504.61
1704,2012-05-17,513.46
1705,2012-05-16,519.7
1706,2012-05-15,522.9
1707,2012-05-14,536.35
1708,2012-05-11,547.94
1709,2012-05-10,554.74
1710,2012-05-09,557.35
1711,2012-05-08,557.02
1712,2012-05-07,552.3
1713,2012-05-04,542.5
1714,2012-05-03,536.1
1715,2012-05-02,539.72
1716,2012-04-27,541.2
1717,2012-04-26,538.1
1718,2012-04-25,542.78
1719,2012-04-24,534.89
1720,2012-04-23,533.6
1721,2012-04-20,533.74
1722,2012-04-19,533.68
1723,2012-04-18,541.6
1724,2012-04-17,544.13
1725,2012-04-16,539.17
1726,2012-04-13,532.3
1727,2012-04-12,537.28
1728,2012-04-11,527.63
1729,2012-04-10,517.4
1730,2012-04-09,515.64
1731,2012-04-06,511.51
1732,2012-04-05,507.35
1733,2012-04-04,500.28
1734,2012-04-03,505.77
1735,2012-03-30,500.07
1736,2012-03-29,498.48
1737,2012-03-28,504.54
1738,2012-03-27,502.41
1739,2012-03-26,517.27
1740,2012-03-23,512.84
1741,2012-03-22,505.54
1742,2012-03-21,506.8
1743,2012-03-20,501.29
1744,2012-03-19,497.22
1745,2012-03-16,496.87
1746,2012-03-15,502.82
1747,2012-03-14,491.23
1748,2012-03-13,486.42
1749,2012-03-12,482.65
1750,2012-03-09,487.03
1751,2012-03-08,489.05
1752,2012-03-07,505.9
1753,2012-03-06,508.41
1754,2012-03-05,524.94
1755,2012-03-02,503.54
1756,2012-03-01,491.01
1757,2012-02-29,485.18
1758,2012-02-28,480.89
1759,2012-02-27,485.85
1760,2012-02-24,477.77
1761,2012-02-23,476.4
1762,2012-02-22,470.97
1763,2012-02-21,462.27
1764,2012-02-20,465.44
1765,2012-02-17,451.22
1766,2012-02-16,443.54
1767,2012-02-15,446.08
1768,2012-02-14,450.22
1769,2012-02-13,446.23
1770,2012-02-10,458.23
1771,2012-02-09,464.73
1772,2012-02-08,460.98
1773,2012-02-07,449.31
1774,2012-02-06,447.47
1775,2012-02-03,449.41
1776,2012-02-02,449.66
1777,2012-02-01,436.95
1778,2012-01-31,432.37
1779,2012-01-30,428.29
1780,2012-01-20,414.34
1781,2012-01-19,414.65
1782,2012-01-18,403.09
1783,2012-01-17,398.93
1784,2012-01-16,397.79
1785,2012-01-13,394.43
1786,2012-01-12,387.98
1787,2012-01-11,389.1
1788,2012-01-10,385.65
1789,2012-01-09,379.12
1790,2012-01-06,374.02
1791,2012-01-05,376.97
1792,2012-01-04,385.42
1793,2012-01-03,385.28
1794,2011-12-30,388.6
1795,2011-12-29,386.93
1796,2011-12-28,385.91
1797,2011-12-27,382.35
1798,2011-12-26,385.69
1799,2011-12-23,388.63
1800,2011-12-22,392.45
1801,2011-12-21,400.73
1802,2011-12-20,399.25
1803,2011-12-19,401.37
1804,2011-12-16,398.25
1805,2011-12-15,394.96
1806,2011-12-14,398.25
1807,2011-12-13,402.11
1808,2011-12-12,405.68
1809,2011-12-09,406.03
1810,2011-12-08,409.49
1811,2011-12-07,415.74
1812,2011-12-06,417.9
1813,2011-12-05,418.27
1814,2011-12-02,411.13
1815,2011-12-01,408.1
1816,2011-11-30,409.32
1817,2011-11-29,412.62
1818,2011-11-28,412.13
1819,2011-11-25,413.14
1820,2011-11-24,413.02
1821,2011-11-23,418.96
1822,2011-11-22,412.06
1823,2011-11-21,410.08
1824,2011-11-18,409.41
1825,2011-11-17,413.75
1826,2011-11-16,416.6
1827,2011-11-15,412.65
1828,2011-11-14,417.3
1829,2011-11-11,422.14
1830,2011-11-10,425.65
1831,2011-11-09,430.58
1832,2011-11-08,434.61
1833,2011-11-07,436.5
1834,2011-11-04,436.72
1835,2011-11-03,435.21
1836,2011-11-02,435.48
1837,2011-11-01,439.32
1838,2011-10-31,444.87
1839,2011-10-28,447.44
1840,2011-10-27,439.67
1841,2011-10-26,436.45
1842,2011-10-25,433.93
1843,2011-10-24,437.26
1844,2011-10-21,434.01
1845,2011-10-20,427.32
1846,2011-10-19,425.56
1847,2011-10-18,429.71
1848,2011-10-17,435.63
1849,2011-10-14,440.96
1850,2011-10-13,439.9
1851,2011-10-12,438.52
1852,2011-10-11,445.07
1853,2011-10-10,447.52
1854,2011-10-07,446.3
1855,2011-10-06,448.98
1856,2011-10-05,445.16
1857,2011-10-04,446.72
1858,2011-10-03,450.39
1859,2011-09-30,455.97
1860,2011-09-29,456.14
1861,2011-09-28,462.12
1862,2011-09-27,464.7
1863,2011-09-26,462.86
1864,2011-09-23,469.09
1865,2011-09-22,477.5
1866,2011-09-21,474.96
1867,2011-09-20,479.38
1868,2011-09-19,484.77
1869,2011-09-16,476.16
1870,2011-09-15,489.35
1871,2011-09-14,487.15
1872,2011-09-13,494.22
1873,2011-09-12,490.28
1874,2011-09-09,491.1
1875,2011-09-08,486.39
1876,2011-09-07,478.33
1877,2011-09-06,471.21
1878,2011-09-05,472.27
1879,2011-09-01,474.54
1880,2011-08-31,461.42
1881,2011-08-30,454.56
1882,2011-08-29,448.5
1883,2011-08-26,438.82
1884,2011-08-25,436.02
1885,2011-08-24,430.73
1886,2011-08-23,436.5
1887,2011-08-22,439.01
1888,2011-08-19,432.48
1889,2011-08-18,436.46
1890,2011-08-17,426.73
1891,2011-08-16,418.86
1892,2011-08-15,417.39
1893,2011-08-12,416.83
1894,2011-08-11,417.31
1895,2011-08-10,418.09
1896,2011-08-09,421.22
1897,2011-08-08,430.37
1898,2011-08-05,436.62
1899,2011-08-04,433.47
1900,2011-08-03,429.39
1901,2011-08-02,433.02
1902,2011-08-01,437.93
1903,2011-07-29,442.44
1904,2011-07-28,444.77
1905,2011-07-27,444.33
1906,2011-07-26,441.67
1907,2011-07-25,441.2
1908,2011-07-22,441.96
1909,2011-07-21,446.02
1910,2011-07-20,449.32
1911,2011-07-19,439.4
1912,2011-07-18,443.66
1913,2011-07-15,441.56
1914,2011-07-14,446.27
1915,2011-07-13,445.59
1916,2011-07-12,444.35
1917,2011-07-11,451.45
1918,2011-07-08,456.03
1919,2011-07-07,454.89
1920,2011-07-06,453.12
1921,2011-07-05,455.88
1922,2011-07-04,450.13
1923,2011-07-01,448.52
1924,2011-06-30,454.77
1925,2011-06-29,456.54
1926,2011-06-28,455.79
1927,2011-06-27,459.82
1928,2011-06-24,457.45
1929,2011-06-23,458.72
1930,2011-06-22,463.03
1931,2011-06-21,465.95
1932,2011-06-20,452.91
1933,2011-06-17,460.9
1934,2011-06-16,464.7
1935,2011-06-15,460.17
1936,2011-06-14,460.85
1937,2011-06-13,460.32
1938,2011-06-10,460.24
1939,2011-06-09,458.93
1940,2011-06-08,457.22
1941,2011-06-07,460.81
1942,2011-06-06,449.82
1943,2011-06-03,458.32
1944,2011-06-02,464.62
1945,2011-06-01,449.81
1946,2011-05-31,434.65
1947,2011-05-30,425.26
1948,2011-05-27,428.45
1949,2011-05-26,414.87
1950,2011-05-25,402.7
1951,2011-05-24,420.04
1952,2011-05-23,436.62
1953,2011-05-20,452.52
1954,2011-05-19,463.44
1955,2011-05-18,471.81
1956,2011-05-17,477.76
1957,2011-05-16,481.98
1958,2011-05-13,488.75
1959,2011-05-12,490.61
1960,2011-05-11,492.0
1961,2011-05-10,490.36
1962,2011-05-09,489.25
1963,2011-05-06,487.16
1964,2011-05-05,489.36
1965,2011-05-04,492.42
1966,2011-04-29,487.92
1967,2011-04-28,483.27
1968,2011-04-27,483.61
1969,2011-04-26,478.0
1970,2011-04-25,484.74
1971,2011-04-22,476.75
1972,2011-04-21,483.73
1973,2011-04-20,485.55
1974,2011-04-19,482.05
1975,2011-04-18,483.8
1976,2011-04-15,488.92
1977,2011-04-14,491.02
1978,2011-04-13,494.25
1979,2011-04-08,498.28
1980,2011-04-07,497.12
1981,2011-04-06,498.53
1982,2011-04-05,489.35
1983,2011-04-04,488.15
1984,2011-04-01,487.57
1985,2011-03-31,488.94
1986,2011-03-30,490.23
1987,2011-03-29,488.84
1988,2011-03-28,489.82
1989,2011-03-25,488.07
1990,2011-03-24,490.6
1991,2011-03-23,495.22
1992,2011-03-22,488.25
1993,2011-03-21,496.43
1994,2011-03-18,491.61
1995,2011-03-17,486.48
1996,2011-03-16,484.44
1997,2011-03-15,487.39
1998,2011-03-14,496.25
1999,2011-03-11,510.74
2000,2011-03-10,497.91
2001,2011-03-09,486.67
2002,2011-03-08,490.43
2003,2011-03-07,485.32
2004,2011-03-04,477.72
2005,2011-03-03,472.52
2006,2011-03-02,476.2
2007,2011-03-01,485.84
2008,2011-02-28,482.67
2009,2011-02-25,490.71
2010,2011-02-24,481.95
2011,2011-02-23,488.87
2012,2011-02-22,482.91
2013,2011-02-21,496.18
2014,2011-02-18,518.86
2015,2011-02-17,527.94
2016,2011-02-16,532.52
2017,2011-02-15,538.69
2018,2011-02-14,534.54
2019,2011-02-11,540.13
2020,2011-02-10,541.44
2021,2011-02-09,543.49
2022,2011-02-08,543.5
2023,2011-01-28,531.47
2024,2011-01-27,524.03
2025,2011-01-26,518.16
2026,2011-01-25,518.82
2027,2011-01-24,524.52
2028,2011-01-21,528.36
2029,2011-01-20,520.06
2030,2011-01-19,517.26
2031,2011-01-18,510.81
2032,2011-01-17,512.95
2033,2011-01-14,509.86
2034,2011-01-13,504.82
2035,2011-01-12,498.84
2036,2011-01-11,497.61
2037,2011-01-10,503.54
2038,2011-01-07,504.18
2039,2011-01-06,506.07
2040,2011-01-05,505.53
2041,2011-01-04,510.23
2042,2010-12-31,513.6
2043,2010-12-30,507.65
2044,2010-12-29,506.67
2045,2010-12-28,509.42
2046,2010-12-27,503.46
2047,2010-12-24,502.49
2048,2010-12-23,505.88
2049,2010-12-22,510.72
2050,2010-12-21,514.64
2051,2010-12-20,515.75
2052,2010-12-17,524.03
2053,2010-12-16,518.43
2054,2010-12-15,535.04
2055,2010-12-14,526.29
2056,2010-12-13,521.76
2057,2010-12-10,501.99
2058,2010-12-09,487.59
2059,2010-12-08,477.67
2060,2010-12-07,484.87
2061,2010-12-06,489.14
2062,2010-12-03,487.18
2063,2010-12-02,478.0
2064,2010-12-01,469.86
2065,2010-11-30,472.49
2066,2010-11-29,467.96
2067,2010-11-26,459.11
2068,2010-11-25,461.05
2069,2010-11-24,458.0
2070,2010-11-23,454.5
2071,2010-11-22,446.86
2072,2010-11-19,445.73
2073,2010-11-18,448.03
2074,2010-11-17,442.36
2075,2010-11-16,445.91
2076,2010-11-15,452.73
2077,2010-11-12,462.24
2078,2010-11-11,469.11
2079,2010-11-10,473.3
2080,2010-11-09,472.34
2081,2010-11-08,479.85
2082,2010-11-05,481.46
2083,2010-11-04,472.55
2084,2010-11-03,468.71
2085,2010-11-02,470.67
2086,2010-11-01,474.56
2087,2010-10-29,476.56
2088,2010-10-28,472.81
2089,2010-10-27,471.26
2090,2010-10-26,476.42
2091,2010-10-25,468.81
2092,2010-10-22,465.45
2093,2010-10-21,464.45
2094,2010-10-20,460.96
2095,2010-10-19,473.51
2096,2010-10-18,476.33
2097,2010-10-15,477.89
2098,2010-10-14,479.56
2099,2010-10-13,477.55
2100,2010-10-12,475.71
2101,2010-10-11,481.68
2102,2010-10-08,481.98
2103,2010-10-07,483.61
2104,2010-10-06,483.05
2105,2010-10-05,473.55
2106,2010-10-04,467.33
2107,2010-10-01,471.35
2108,2010-09-30,473.93
2109,2010-09-29,471.93
2110,2010-09-28,473.56
2111,2010-09-27,468.32
2112,2010-09-24,467.58
2113,2010-09-23,468.01
2114,2010-09-22,469.64
2115,2010-09-21,468.21
2116,2010-09-20,476.57
2117,2010-09-17,476.11
2118,2010-09-16,466.73
2119,2010-09-15,467.54
2120,2010-09-14,468.27
2121,2010-09-13,468.09
2122,2010-09-10,470.51
2123,2010-09-09,484.63
2124,2010-09-08,478.4
2125,2010-09-07,480.86
2126,2010-09-06,488.54
2127,2010-09-01,481.65
2128,2010-08-31,478.7
2129,2010-08-30,466.65
2130,2010-08-27,450.41
2131,2010-08-26,447.91
2132,2010-08-25,442.55
2133,2010-08-24,450.97
2134,2010-08-23,465.68
2135,2010-08-20,472.26
2136,2010-08-19,465.75
2137,2010-08-18,470.08
2138,2010-08-17,479.72
2139,2010-08-16,480.99
2140,2010-08-13,469.15
2141,2010-08-12,466.41
2142,2010-08-11,481.11
2143,2010-08-10,480.46
2144,2010-08-09,492.05
2145,2010-08-06,501.78
2146,2010-08-05,506.05
2147,2010-08-04,504.16
2148,2010-08-03,509.64
2149,2010-08-02,508.27
2150,2010-07-30,512.21
2151,2010-07-29,508.64
2152,2010-07-28,508.23
2153,2010-07-27,513.23
2154,2010-07-26,512.39
2155,2010-07-23,515.39
2156,2010-07-22,514.58
2157,2010-07-21,518.66
2158,2010-07-20,519.72
2159,2010-07-19,521.85
2160,2010-07-16,521.45
2161,2010-07-15,520.83
2162,2010-07-14,523.57
2163,2010-07-13,525.82
2164,2010-07-12,515.32
2165,2010-07-09,514.84
2166,2010-07-08,515.04
2167,2010-07-07,513.12
2168,2010-07-06,517.94
2169,2010-07-05,523.94
2170,2010-07-02,519.6
2171,2010-07-01,522.02
2172,2010-06-30,524.73
2173,2010-06-29,527.25
2174,2010-06-28,520.86
2175,2010-06-25,519.8
2176,2010-06-24,529.19
2177,2010-06-23,528.73
2178,2010-06-22,530.97
2179,2010-06-21,530.36
2180,2010-06-18,526.57
2181,2010-06-17,524.54
2182,2010-06-16,523.83
2183,2010-06-15,519.79
2184,2010-06-14,522.2
2185,2010-06-11,519.51
2186,2010-06-10,515.04
2187,2010-06-09,511.01
2188,2010-06-08,509.07
2189,2010-06-07,509.95
2190,2010-06-04,523.78
2191,2010-06-03,524.09
2192,2010-06-02,523.42
2193,2010-06-01,522.05
2194,2010-05-31,520.32
2195,2010-05-28,527.32
2196,2010-05-27,514.9
2197,2010-05-26,512.14
2198,2010-05-25,508.03
2199,2010-05-24,506.58
2200,2010-05-21,496.24
2201,2010-05-20,516.91
2202,2010-05-19,504.76
2203,2010-05-18,521.61
2204,2010-05-17,523.76
2205,2010-05-14,537.83
2206,2010-05-13,537.58
2207,2010-05-12,535.58
2208,2010-05-11,549.35
2209,2010-05-10,547.38
2210,2010-05-07,555.2
2211,2010-05-06,562.56
2212,2010-05-05,565.47
2213,2010-05-04,568.34
2214,2010-04-29,560.62
2215,2010-04-28,561.29
2216,2010-04-27,560.04
2217,2010-04-26,554.68
2218,2010-04-22,551.44
2219,2010-04-21,536.67
2220,2010-04-20,534.12
2221,2010-04-19,536.62
2222,2010-04-16,541.88
2223,2010-04-15,543.72
2224,2010-04-14,538.31
2225,2010-04-13,540.08
2226,2010-04-12,542.37
2227,2010-04-09,540.28
2228,2010-04-08,539.34
2229,2010-04-07,539.96
2230,2010-04-06,539.47
2231,2010-04-05,539.87
2232,2010-04-02,534.26
2233,2010-04-01,531.49
2234,2010-03-31,520.44
2235,2010-03-30,521.83
2236,2010-03-29,530.89
2237,2010-03-26,530.84
2238,2010-03-25,529.28
2239,2010-03-24,536.3
2240,2010-03-23,530.42
2241,2010-03-22,536.51
2242,2010-03-19,542.82
2243,2010-03-18,546.78
2244,2010-03-17,537.97
2245,2010-03-16,542.91
2246,2010-03-15,559.88
2247,2010-03-12,561.36
2248,2010-03-11,555.0
2249,2010-03-10,553.75
2250,2010-03-09,553.07
2251,2010-03-08,546.69
2252,2010-03-05,538.84
2253,2010-03-04,536.46
2254,2010-03-03,529.41
2255,2010-03-02,520.4
2256,2010-03-01,522.5
2257,2010-02-26,517.02
2258,2010-02-25,520.01
2259,2010-02-24,521.93
2260,2010-02-23,521.29
2261,2010-02-22,536.57
2262,2010-02-12,535.8
2263,2010-02-11,530.24
2264,2010-02-10,519.69
2265,2010-02-09,510.17
2266,2010-02-08,521.39
2267,2010-02-05,521.39
2268,2010-02-04,534.61
2269,2010-02-03,523.91
2270,2010-02-02,514.93
2271,2010-02-01,511.86
2272,2010-01-29,504.97
2273,2010-01-28,505.28
2274,2010-01-27,511.32
2275,2010-01-26,525.9
2276,2010-01-25,507.03
2277,2010-01-22,503.64
2278,2010-01-21,503.53
2279,2010-01-20,515.43
2280,2010-01-19,519.86
2281,2010-01-18,508.79
2282,2010-01-15,528.89
2283,2010-01-14,538.11
2284,2010-01-13,537.17
2285,2010-01-12,523.61
2286,2010-01-11,540.78
2287,2010-01-08,547.5
2288,2010-01-07,560.61
2289,2010-01-06,565.41
2290,2010-01-05,566.65
2291,2010-01-04,550.43
2292,2009-12-31,525.97
2293,2009-12-30,524.86
2294,2009-12-29,512.66
2295,2009-12-28,526.56
2296,2009-12-25,527.54
2297,2009-12-24,510.01
2298,2009-12-23,500.55
2299,2009-12-22,491.11
2300,2009-12-21,481.0
2301,2009-12-18,460.26
2302,2009-12-17,456.87
2303,2009-12-16,467.25
2304,2009-12-15,489.69
2305,2009-12-14,492.74
2306,2009-12-11,479.32
2307,2009-12-10,492.05
2308,2009-12-09,503.71
2309,2009-12-08,523.42
2310,2009-12-07,534.07
2311,2009-12-04,531.53
2312,2009-12-03,533.45
2313,2009-12-02,538.7
2314,2009-12-01,554.61
2315,2009-11-30,544.94
2316,2009-11-27,526.21
2317,2009-11-26,518.17
2318,2009-11-25,538.32
2319,2009-11-24,562.74
2320,2009-11-23,572.58
2321,2009-11-20,592.36
2322,2009-11-19,594.27
2323,2009-11-18,585.63
2324,2009-11-17,577.14
2325,2009-11-16,573.61
2326,2009-11-13,576.7
2327,2009-11-12,575.25
2328,2009-11-11,564.95
2329,2009-11-10,548.05
2330,2009-11-09,554.02
2331,2009-11-06,573.79
2332,2009-11-05,574.79
2333,2009-11-04,556.31
2334,2009-11-03,555.39
2335,2009-11-02,578.75
2336,2009-10-30,606.31
2337,2009-10-29,600.49
2338,2009-10-28,616.66
2339,2009-10-27,611.2
2340,2009-10-26,621.83
2341,2009-10-23,626.78
2342,2009-10-22,636.78
2343,2009-10-21,631.46
2344,2009-10-20,627.97
2345,2009-10-19,616.61
2346,2009-10-16,619.37
2347,2009-10-15,626.72
2348,2009-10-14,615.47
2349,2009-10-13,598.72
2350,2009-10-12,604.52
2351,2009-10-09,593.35
2352,2009-10-08,585.55
2353,2009-10-07,582.84
2354,2009-10-06,567.67
2355,2009-10-05,565.29
2356,2009-10-02,564.25
2357,2009-10-01,583.75
2358,2009-09-30,594.12
2359,2009-09-29,597.07
2360,2009-09-28,597.09
2361,2009-09-25,597.56
2362,2009-09-24,589.57
2363,2009-09-23,601.48
2364,2009-09-22,604.19
2365,2009-09-21,595.89
2366,2009-09-18,587.13
2367,2009-09-17,577.38
2368,2009-09-16,570.69
2369,2009-09-15,575.92
2370,2009-09-14,576.99
2371,2009-09-11,567.22
2372,2009-09-10,558.26
2373,2009-09-09,551.23
2374,2009-09-08,552.15
2375,2009-09-07,537.93
2376,2009-09-04,541.19
2377,2009-09-03,553.65
2378,2009-09-01,560.36
2379,2009-08-31,559.0
2380,2009-08-28,548.0
2381,2009-08-27,539.37
2382,2009-08-26,538.6
2383,2009-08-25,541.37
2384,2009-08-24,542.36
2385,2009-08-21,534.0
2386,2009-08-20,528.02
2387,2009-08-19,521.24
2388,2009-08-18,512.53
2389,2009-08-17,513.04
2390,2009-08-14,521.04
2391,2009-08-13,517.08
2392,2009-08-12,511.56
2393,2009-08-11,507.75
2394,2009-08-10,504.7
2395,2009-08-07,493.91
2396,2009-08-06,493.5
2397,2009-08-05,491.55
2398,2009-08-04,486.49
2399,2009-08-03,478.76
2400,2009-07-31,476.66
2401,2009-07-30,461.28
2402,2009-07-29,466.92
2403,2009-07-28,471.11
2404,2009-07-27,474.8
2405,2009-07-24,459.03
2406,2009-07-23,438.53
2407,2009-07-22,424.15
2408,2009-07-21,419.42
2409,2009-07-20,415.43
2410,2009-07-17,431.31
2411,2009-07-16,434.87
2412,2009-07-15,430.03
2413,2009-07-14,419.24
2414,2009-07-13,425.52
2415,2009-07-10,435.1
2416,2009-07-09,440.92
2417,2009-07-08,439.97
2418,2009-07-07,439.83
2419,2009-07-06,445.47
2420,2009-07-03,426.82
2421,2009-07-02,423.32
2422,2009-07-01,414.45
2423,2009-06-30,432.87
2424,2009-06-29,447.22
2425,2009-06-26,450.23
2426,2009-06-25,442.65
2427,2009-06-24,443.0
2428,2009-06-23,425.85
2429,2009-06-22,444.96
2430,2009-06-19,461.26
2431,2009-06-18,464.18
2432,2009-06-17,459.37
2433,2009-06-16,456.6
2434,2009-06-15,478.01
2435,2009-06-12,497.75
2436,2009-06-11,503.7
2437,2009-06-10,490.91
2438,2009-06-09,508.48
2439,2009-06-08,499.45
2440,2009-06-05,476.81
2441,2009-06-04,456.87
2442,2009-06-03,446.0
2443,2009-06-02,445.51
2444,2009-06-01,430.67
2445,2009-05-29,416.94
2446,2009-05-28,420.56
2447,2009-05-27,429.98
2448,2009-05-26,429.07
2449,2009-05-25,425.9
2450,2009-05-22,408.4
2451,2009-05-21,414.96
2452,2009-05-20,418.67
2453,2009-05-19,408.94
2454,2009-05-18,398.18
2455,2009-05-15,398.16
2456,2009-05-14,385.31
2457,2009-05-13,389.22
2458,2009-05-12,397.61
2459,2009-05-11,387.78
2460,2009-05-08,379.74
2461,2009-05-07,375.21
2462,2009-05-06,359.81
2463,2009-05-05,357.02
2464,2009-05-04,340.99
2465,2009-04-29,325.52
2466,2009-04-28,318.11
2467,2009-04-27,316.22
2468,2009-04-24,312.08
2469,2009-04-23,318.0
2470,2009-04-22,325.02
2471,2009-04-21,315.98
2472,2009-04-20,323.58
2473,2009-04-17,339.28
2474,2009-04-16,351.12
2475,2009-04-15,344.31
2476,2009-04-14,350.3
2477,2009-04-13,342.3
2478,2009-04-10,326.97
2479,2009-04-09,312.95
2480,2009-04-08,314.82
2481,2009-04-07,323.32
2482,2009-04-03,310.82
2483,2009-04-02,297.25
2484,2009-04-01,287.44
2485,2009-03-31,276.99
2486,2009-03-30,280.36
2487,2009-03-27,285.95
2488,2009-03-26,284.71
2489,2009-03-25,274.67
2490,2009-03-24,266.45
2491,2009-03-23,254.82
2492,2009-03-20,261.39
2493,2009-03-19,261.42
2494,2009-03-18,267.82
2495,2009-03-17,256.8
2496,2009-03-16,247.83
2497,2009-03-13,243.92
2498,2009-03-12,242.66
2499,2009-03-11,247.73
2500,2009-03-10,244.01
2501,2009-03-09,240.42
2502,2009-03-06,239.18
2503,2009-03-05,240.59
2504,2009-03-04,238.57
2505,2009-03-03,235.76
2506,2009-03-02,242.67
2507,2009-02-27,240.11
2508,2009-02-26,236.91
2509,2009-02-25,239.66
2510,2009-02-24,230.72
2511,2009-02-23,239.1
2512,2009-02-20,247.09
2513,2009-02-19,249.63
2514,2009-02-18,249.4
2515,2009-02-17,257.71
2516,2009-02-16,267.29
2517,2009-02-13,269.45
2518,2009-02-12,270.95
2519,2009-02-11,271.33
2520,2009-02-10,277.34
2521,2009-02-09,282.68
2522,2009-02-06,277.54
2523,2009-02-05,273.53
2524,2009-02-04,281.44
2525,2009-02-03,283.86
2526,2009-02-02,294.36
2527,2009-01-23,300.48
2528,2009-01-22,298.49
2529,2009-01-21,297.55
2530,2009-01-20,301.63
2531,2009-01-19,304.13
2532,2009-01-16,305.26
2533,2009-01-15,303.55
2534,2009-01-14,308.28
2535,2009-01-13,306.75
2536,2009-01-12,312.22
2537,2009-01-09,312.9
2538,2009-01-08,314.14
2539,2009-01-07,320.53
2540,2009-01-06,314.21
2541,2009-01-05,311.23
